mean_intensity,var_intensity,area_white,hist_entropy,contrast,edge_density,hist_bin0,hist_bin1,hist_bin2,hist_bin3,hist_bin4,hist_bin5,hist_bin6,hist_bin7,hist_bin8,hist_bin9,hist_bin10,hist_bin11,hist_bin12,hist_bin13,hist_bin14,hist_bin15,hist_bin16,hist_bin17,hist_bin18,hist_bin19,hist_bin20,hist_bin21,hist_bin22,hist_bin23,hist_bin24,hist_bin25,hist_bin26,hist_bin27,hist_bin28,hist_bin29,hist_bin30,hist_bin31,label,time
4.01904296875,42.35962271690369,0.08343505859375,0.7168607056201396,0.053119517313386454,0.013427734375,0.88482666015625,0.06011962890625,0.03802490234375,0.00927734375,0.00341796875,0.001220703125,0.000732421875,0.00067138671875,0.0003662109375,0.00018310546875,0.00042724609375,0.000244140625,0.00030517578125,6.103515625e-05,0.0,0.0,0.0,6.103515625e-05,0.0,0.0,0.0,6.103515625e-05,0.0,0.0,0.0,0.0,0.0,0.0,0.0,0.0,0.0,0.0,DI,0
3.32733154296875,23.866669978946447,0.08111572265625,0.5392897085802031,0.049148671270079075,0.0032958984375,0.91015625,0.05853271484375,0.02874755859375,0.001220703125,0.0003662109375,0.0001220703125,0.0001220703125,0.0001220703125,0.000244140625,6.103515625e-05,0.0,6.103515625e-05,6.103515625e-05,0.0,6.103515625e-05,0.0,0.0,0.0,0.0,0.0,0.0,0.0,0.0,0.0,0.0,0.0,0.0,0.0,0.0,0.0,6.103515625e-05,6.103515625e-05,DI,0
4.22332763671875,65.59105494245887,0.08642578125,0.7453383003727524,0.05307360267002502,0.0069580078125,0.8809814453125,0.05126953125,0.045654296875,0.015625,0.00225830078125,0.00140380859375,0.00054931640625,0.0003662109375,0.00030517578125,0.00030517578125,0.0001220703125,0.0001220703125,0.0001220703125,6.103515625e-05,0.0,0.0001220703125,0.0001220703125,0.0,0.0,6.103515625e-05,0.0,0.0001220703125,6.103515625e-05,6.103515625e-05,0.0,0.0,6.103515625e-05,6.103515625e-05,0.0,0.0001220703125,0.0,6.103515625e-05,DI,0
4.30145263671875,49.45044710859656,0.1014404296875,0.7867609546799046,0.05778347570179665,0.0133056640625,0.86578369140625,0.06158447265625,0.05810546875,0.00848388671875,0.00225830078125,0.00115966796875,0.0003662109375,0.0003662109375,0.000732421875,0.00030517578125,0.0001220703125,0.0001220703125,6.103515625e-05,0.0001220703125,0.0,0.0,6.103515625e-05,0.0001220703125,6.103515625e-05,6.103515625e-05,0.0,0.0,0.0,6.103515625e-05,0.0,0.0,6.103515625e-05,0.0,0.0,0.0,0.0,0.0,DI,0
3.08428955078125,18.640783455222845,0.06109619140625,0.4403216202194909,0.05117159056387004,0.00732421875,0.92852783203125,0.059814453125,0.00738525390625,0.0015869140625,0.00067138671875,0.0003662109375,0.00048828125,0.00042724609375,0.00018310546875,0.0001220703125,0.0,0.0001220703125,0.0001220703125,0.0,0.0,0.0,0.0001220703125,0.0,0.0,0.0,6.103515625e-05,0.0,0.0,0.0,0.0,0.0,0.0,0.0,0.0,0.0,0.0,0.0,DI,0
4.29425048828125,92.673365380615,0.00439453125,0.7382156105123083,0.05389929305297832,0.0189208984375,0.88299560546875,0.06207275390625,0.03778076171875,0.00762939453125,0.00238037109375,0.0018310546875,0.00042724609375,0.000732421875,0.00030517578125,0.000732421875,0.00048828125,0.0001220703125,0.000244140625,0.0001220703125,0.00030517578125,0.00018310546875,0.00042724609375,0.0,0.0001220703125,6.103515625e-05,0.00030517578125,0.0001220703125,0.0001220703125,0.0001220703125,0.0,0.0001220703125,0.0,0.00018310546875,0.0,6.103515625e-05,0.0,0.0,DI,0
3.74456787109375,35.04541116580367,0.07098388671875,0.6518860049335803,0.0503474054831866,0.0125732421875,0.89501953125,0.06256103515625,0.03076171875,0.00543212890625,0.00238037109375,0.00103759765625,0.00079345703125,0.0003662109375,0.000244140625,0.00048828125,0.00018310546875,0.0003662109375,6.103515625e-05,0.0001220703125,6.103515625e-05,6.103515625e-05,0.0,0.0,6.103515625e-05,0.0,0.0,0.0,0.0,0.0,0.0,0.0,0.0,0.0,0.0,0.0,0.0,0.0,DI,0
3.78692626953125,38.13471433147788,0.070556640625,0.6622663762419437,0.05346777103895678,0.01312255859375,0.8934326171875,0.06201171875,0.03228759765625,0.00616455078125,0.00213623046875,0.0008544921875,0.00067138671875,0.0003662109375,0.00048828125,0.0003662109375,0.00048828125,0.00018310546875,0.00018310546875,0.00018310546875,0.0,0.0,0.0,0.0001220703125,0.0,6.103515625e-05,0.0,0.0,0.0,0.0,0.0,0.0,0.0,0.0,0.0,0.0,0.0,0.0,DI,0
3.48272705078125,39.03351512178779,0.04351806640625,0.5453351155260325,0.044086141469227194,0.01348876953125,0.91943359375,0.04766845703125,0.02032470703125,0.006103515625,0.002685546875,0.00091552734375,0.0006103515625,0.00030517578125,0.0003662109375,0.0,0.00054931640625,6.103515625e-05,0.0003662109375,6.103515625e-05,0.0001220703125,0.0001220703125,0.0,0.0001220703125,0.0001220703125,0.0,0.0,0.0,6.103515625e-05,0.0,0.0,0.0,0.0,0.0,0.0,0.0,0.0,0.0,DI,0
4.27471923828125,44.77090385183692,0.099853515625,0.8016597476512584,0.053952785956726215,0.0125732421875,0.863525390625,0.06683349609375,0.0518798828125,0.0111083984375,0.00347900390625,0.0008544921875,0.0006103515625,0.00048828125,6.103515625e-05,0.0001220703125,0.00030517578125,0.000244140625,0.0001220703125,0.0001220703125,0.0,0.0001220703125,0.0,0.0,0.0,0.0,6.103515625e-05,0.0,0.0,6.103515625e-05,0.0,0.0,0.0,0.0,0.0,0.0,0.0,0.0,DI,0
3.802001953125,28.490215718746185,0.0711669921875,0.6358442650265679,0.06133411216361628,0.007568359375,0.9002685546875,0.05438232421875,0.03045654296875,0.00860595703125,0.0032958984375,0.00140380859375,0.0006103515625,0.00042724609375,0.000244140625,0.000244140625,6.103515625e-05,0.0,0.0,0.0,0.0,0.0,0.0,0.0,0.0,0.0,0.0,0.0,0.0,0.0,0.0,0.0,0.0,0.0,0.0,0.0,0.0,0.0,DI,10
3.5374755859375,35.03216491639614,0.00689697265625,0.5250081115952557,0.061106505150738614,0.01226806640625,0.92138671875,0.05126953125,0.0172119140625,0.00408935546875,0.0018310546875,0.00091552734375,0.000732421875,0.00067138671875,0.00018310546875,0.00048828125,0.00048828125,0.0001220703125,0.0,0.0001220703125,0.0001220703125,0.0001220703125,0.0001220703125,0.0,0.0001220703125,0.0,0.0,0.0,0.0,0.0,0.0,0.0,0.0,0.0,0.0,0.0,0.0,0.0,DI,10
4.372314453125,76.06707042455673,0.00775146484375,0.7148484811281436,0.06033997517239609,0.015869140625,0.8944091796875,0.0462646484375,0.03448486328125,0.01239013671875,0.004150390625,0.00152587890625,0.00146484375,0.00079345703125,0.00079345703125,0.00067138671875,0.0003662109375,0.00048828125,0.00067138671875,0.00030517578125,0.00030517578125,0.000244140625,0.00018310546875,0.00018310546875,6.103515625e-05,6.103515625e-05,6.103515625e-05,0.0,0.0001220703125,0.0,0.0,0.0,0.0,0.0,0.0,0.0,0.0,0.0,DI,10
4.09051513671875,33.885178592056036,0.08673095703125,0.7234074316233716,0.06132346831963039,0.00616455078125,0.88055419921875,0.05889892578125,0.04534912109375,0.0093994140625,0.00323486328125,0.0008544921875,0.00054931640625,0.00030517578125,0.00030517578125,0.0001220703125,0.000244140625,0.0001220703125,0.0,0.0,0.0,6.103515625e-05,0.0,0.0,0.0,0.0,0.0,0.0,0.0,0.0,0.0,0.0,0.0,0.0,0.0,0.0,0.0,0.0,DI,10
3.05975341796875,16.860748376697302,0.00146484375,0.36843030906595775,0.06105384260183424,0.00927734375,0.94403076171875,0.04644775390625,0.005126953125,0.0023193359375,0.0006103515625,0.00018310546875,0.000244140625,0.00018310546875,0.00030517578125,0.0,0.0001220703125,6.103515625e-05,6.103515625e-05,6.103515625e-05,0.0001220703125,0.0,0.0,0.0,6.103515625e-05,6.103515625e-05,0.0,0.0,0.0,0.0,0.0,0.0,0.0,0.0,0.0,0.0,0.0,0.0,DI,10
3.9102783203125,51.638800606131554,0.0079345703125,0.6133951197237304,0.061748993187765285,0.021240234375,0.9091796875,0.0489501953125,0.02655029296875,0.00640869140625,0.00244140625,0.00091552734375,0.00128173828125,0.0008544921875,0.000732421875,0.00079345703125,0.0003662109375,0.00030517578125,0.00048828125,0.000244140625,6.103515625e-05,0.0001220703125,0.0,6.103515625e-05,0.0001220703125,0.0001220703125,0.0,0.0,0.0,0.0,0.0,0.0,0.0,0.0,0.0,0.0,0.0,0.0,DI,10
3.50164794921875,22.181271698325872,0.06011962890625,0.5379857351529613,0.06150029180790645,0.00750732421875,0.9161376953125,0.0557861328125,0.018798828125,0.004638671875,0.002197265625,0.0008544921875,0.0006103515625,0.00054931640625,0.0001220703125,0.0,0.0001220703125,0.0,0.0001220703125,6.103515625e-05,0.0,0.0,0.0,0.0,0.0,0.0,0.0,0.0,0.0,0.0,0.0,0.0,0.0,0.0,0.0,0.0,0.0,0.0,DI,10
3.4920654296875,18.877744659781456,0.06854248046875,0.5499219049364122,0.06119727337638637,0.0040283203125,0.91290283203125,0.0557861328125,0.02252197265625,0.00531005859375,0.0020751953125,0.00079345703125,0.000244140625,0.000244140625,6.103515625e-05,0.0,6.103515625e-05,0.0,0.0,0.0,0.0,0.0,0.0,0.0,0.0,0.0,0.0,0.0,0.0,0.0,0.0,0.0,0.0,0.0,0.0,0.0,0.0,0.0,DI,10
3.31390380859375,15.720861371606588,0.0599365234375,0.4949118587792853,0.06029893971555537,0.00140380859375,0.923095703125,0.05084228515625,0.01904296875,0.00421142578125,0.00177001953125,0.00067138671875,0.000244140625,0.0,0.0001220703125,0.0,0.0,0.0,0.0,0.0,0.0,0.0,0.0,0.0,0.0,0.0,0.0,0.0,0.0,0.0,0.0,0.0,0.0,0.0,0.0,0.0,0.0,0.0,DI,10
3.92108154296875,27.949887599796057,0.08709716796875,0.68732308439173,0.061593021833308476,0.00494384765625,0.88494873046875,0.06268310546875,0.0411376953125,0.0068359375,0.0028076171875,0.000732421875,0.00030517578125,0.0001220703125,0.00018310546875,6.103515625e-05,6.103515625e-05,6.103515625e-05,0.0,0.0,0.0,0.0,0.0,0.0,0.0,0.0,6.103515625e-05,0.0,0.0,0.0,0.0,0.0,0.0,0.0,0.0,0.0,0.0,0.0,DI,10
3.8466796875,27.589163780212402,0.08135986328125,0.641902245861663,0.06257571111162435,0.00347900390625,0.89923095703125,0.05084228515625,0.03411865234375,0.010009765625,0.0032958984375,0.00128173828125,0.0008544921875,0.000244140625,6.103515625e-05,0.0,6.103515625e-05,0.0,0.0,0.0,0.0,0.0,0.0,0.0,0.0,0.0,0.0,0.0,0.0,0.0,0.0,0.0,0.0,0.0,0.0,0.0,0.0,0.0,DI,15
3.58026123046875,29.008694853633642,0.0477294921875,0.542790152253465,0.0643476509424835,0.01275634765625,0.91851806640625,0.0511474609375,0.018798828125,0.00494384765625,0.0020751953125,0.0013427734375,0.00152587890625,0.00042724609375,0.00030517578125,0.00042724609375,0.0001220703125,0.00018310546875,0.0,6.103515625e-05,0.0,6.103515625e-05,6.103515625e-05,0.0,0.0,0.0,0.0,0.0,0.0,0.0,0.0,0.0,0.0,0.0,0.0,0.0,0.0,0.0,DI,15
4.39837646484375,65.02519511803985,0.05596923828125,0.7403510377347451,0.063962367598216,0.01641845703125,0.8892822265625,0.04962158203125,0.03472900390625,0.01177978515625,0.0050048828125,0.00299072265625,0.0015869140625,0.0013427734375,0.00067138671875,0.00079345703125,0.0006103515625,0.0008544921875,6.103515625e-05,0.00018310546875,0.0001220703125,0.0001220703125,6.103515625e-05,0.0,0.0001220703125,0.0,6.103515625e-05,0.0,0.0,0.0,0.0,0.0,0.0,0.0,0.0,0.0,0.0,0.0,DI,15
3.9190673828125,27.82889913022518,0.08709716796875,0.6753534418796473,0.06419936125824968,0.00677490234375,0.8878173828125,0.06036376953125,0.04119873046875,0.00628662109375,0.00225830078125,0.0006103515625,0.0008544921875,0.00018310546875,0.0,0.00018310546875,0.0001220703125,6.103515625e-05,0.0,0.0,0.0,0.0,0.0,6.103515625e-05,0.0,0.0,0.0,0.0,0.0,0.0,0.0,0.0,0.0,0.0,0.0,0.0,0.0,0.0,DI,15
3.001708984375,12.380612313747406,0.046142578125,0.3660686374144864,0.060733040287666934,0.00555419921875,0.9443359375,0.04541015625,0.0068359375,0.00146484375,0.00079345703125,0.0001220703125,0.0003662109375,0.00018310546875,6.103515625e-05,0.0001220703125,0.0001220703125,0.0,0.00018310546875,0.0,0.0,0.0,0.0,0.0,0.0,0.0,0.0,0.0,0.0,0.0,0.0,0.0,0.0,0.0,0.0,0.0,0.0,0.0,DI,15
3.843994140625,41.95222467184067,0.04681396484375,0.6246709012102047,0.060476884006555404,0.018310546875,0.90618896484375,0.051513671875,0.02581787109375,0.00750732421875,0.0029296875,0.00189208984375,0.00152587890625,0.00042724609375,0.000732421875,0.00042724609375,0.0003662109375,0.00018310546875,0.0001220703125,0.0001220703125,0.0,6.103515625e-05,6.103515625e-05,6.103515625e-05,6.103515625e-05,0.0,0.0,0.0,0.0,0.0,0.0,0.0,0.0,0.0,0.0,0.0,0.0,0.0,DI,15
3.396728515625,19.529984414577484,0.06414794921875,0.5228789206381247,0.06120603524214885,0.0057373046875,0.917724609375,0.05657958984375,0.01776123046875,0.00439453125,0.00146484375,0.00091552734375,0.00048828125,0.000244140625,0.0001220703125,6.103515625e-05,0.0001220703125,6.103515625e-05,0.0,0.0,6.103515625e-05,0.0,0.0,0.0,0.0,0.0,0.0,0.0,0.0,0.0,0.0,0.0,0.0,0.0,0.0,0.0,0.0,0.0,DI,15
3.43804931640625,18.162177737802267,0.06817626953125,0.5445133311162592,0.06043730618257397,0.0045166015625,0.912353515625,0.05914306640625,0.0211181640625,0.00469970703125,0.00128173828125,0.0006103515625,0.00030517578125,0.0001220703125,0.000244140625,6.103515625e-05,6.103515625e-05,0.0,0.0,0.0,0.0,0.0,0.0,0.0,0.0,0.0,0.0,0.0,0.0,0.0,0.0,0.0,0.0,0.0,0.0,0.0,0.0,0.0,DI,15
3.19891357421875,15.054366495460272,0.048828125,0.4482875594712843,0.05885374163227466,0.00079345703125,0.9342041015625,0.03997802734375,0.0177001953125,0.00506591796875,0.0020751953125,0.00079345703125,6.103515625e-05,6.103515625e-05,0.0,6.103515625e-05,0.0,0.0,0.0,0.0,0.0,0.0,0.0,0.0,0.0,0.0,0.0,0.0,0.0,0.0,0.0,0.0,0.0,0.0,0.0,0.0,0.0,0.0,DI,15
3.85369873046875,25.964008536189795,0.08740234375,0.6778786747608302,0.06180891274771083,0.0030517578125,0.885498046875,0.0638427734375,0.04107666015625,0.00634765625,0.001708984375,0.0006103515625,0.00042724609375,6.103515625e-05,0.0001220703125,6.103515625e-05,0.0001220703125,6.103515625e-05,0.0,0.0,0.0,0.0,0.0,6.103515625e-05,0.0,0.0,0.0,0.0,0.0,0.0,0.0,0.0,0.0,0.0,0.0,0.0,0.0,0.0,DI,15
3.77777099609375,25.971427258104086,0.0704345703125,0.6194462294782437,0.061688474758044766,0.0045166015625,0.903564453125,0.04986572265625,0.03143310546875,0.009765625,0.00311279296875,0.00103759765625,0.00091552734375,0.00018310546875,6.103515625e-05,6.103515625e-05,0.0,0.0,0.0,0.0,0.0,0.0,0.0,0.0,0.0,0.0,0.0,0.0,0.0,0.0,0.0,0.0,0.0,0.0,0.0,0.0,0.0,0.0,DI,20
3.51007080078125,29.206563618034124,0.0467529296875,0.5225253997009065,0.06119731701121172,0.0101318359375,0.92254638671875,0.04864501953125,0.0172119140625,0.00537109375,0.002685546875,0.00128173828125,0.00048828125,0.00042724609375,0.00042724609375,0.00018310546875,0.00018310546875,0.0001220703125,0.0001220703125,0.000244140625,0.0,0.0,0.0,0.0,0.0,6.103515625e-05,0.0,0.0,0.0,0.0,0.0,0.0,0.0,0.0,0.0,0.0,0.0,0.0,DI,20
4.2857666015625,57.97802983224392,0.05914306640625,0.716359971178316,0.06064041531083748,0.0166015625,0.89385986328125,0.0469970703125,0.033447265625,0.01141357421875,0.005126953125,0.00262451171875,0.002197265625,0.00115966796875,0.00091552734375,0.000732421875,0.00067138671875,0.00018310546875,0.000244140625,0.0001220703125,0.000244140625,0.0,6.103515625e-05,0.0,0.0,0.0,0.0,0.0,0.0,0.0,0.0,0.0,0.0,0.0,0.0,0.0,0.0,0.0,DI,20
4.025390625,27.05440902709961,0.10711669921875,0.7217099099291698,0.06194838703944023,0.00128173828125,0.87579345703125,0.066162109375,0.047119140625,0.00732421875,0.0020751953125,0.0009765625,0.0001220703125,0.0001220703125,0.00018310546875,0.0001220703125,0.0,0.0,0.0,0.0,0.0,0.0,0.0,0.0,0.0,0.0,0.0,0.0,0.0,0.0,0.0,0.0,0.0,0.0,0.0,0.0,0.0,0.0,DI,20
3.0087890625,11.401656150817871,0.0465087890625,0.36579948390791456,0.06100307529188796,0.00531005859375,0.9443359375,0.04522705078125,0.0069580078125,0.001708984375,0.000732421875,0.00030517578125,0.000244140625,0.0,0.00018310546875,0.000244140625,0.0,0.0,0.0,0.0,0.0,6.103515625e-05,0.0,0.0,0.0,0.0,0.0,0.0,0.0,0.0,0.0,0.0,0.0,0.0,0.0,0.0,0.0,0.0,DI,20
3.8948974609375,36.454651698470116,0.06304931640625,0.6465246381741264,0.06142882452835069,0.0152587890625,0.900634765625,0.05316162109375,0.030029296875,0.00775146484375,0.00341796875,0.00177001953125,0.00103759765625,0.00054931640625,0.0006103515625,0.00048828125,0.000244140625,0.0001220703125,0.0,6.103515625e-05,0.0001220703125,0.0,0.0,0.0,0.0,0.0,0.0,0.0,0.0,0.0,0.0,0.0,0.0,0.0,0.0,0.0,0.0,0.0,DI,20
3.44256591796875,19.348141755908728,0.0648193359375,0.5222822843167915,0.061915223182360576,0.00628662109375,0.91839599609375,0.05401611328125,0.01971435546875,0.00433349609375,0.00164794921875,0.00091552734375,0.00042724609375,0.00018310546875,0.00018310546875,6.103515625e-05,6.103515625e-05,0.0,0.0,0.0,6.103515625e-05,0.0,0.0,0.0,0.0,0.0,0.0,0.0,0.0,0.0,0.0,0.0,0.0,0.0,0.0,0.0,0.0,0.0,DI,20
3.78167724609375,23.07385617122054,0.09014892578125,0.6504783384550432,0.06088006656847014,0.00048828125,0.89227294921875,0.06146240234375,0.0345458984375,0.00872802734375,0.00225830078125,0.00030517578125,0.00018310546875,0.0001220703125,0.0,0.0,6.103515625e-05,6.103515625e-05,0.0,0.0,0.0,0.0,0.0,0.0,0.0,0.0,0.0,0.0,0.0,0.0,0.0,0.0,0.0,0.0,0.0,0.0,0.0,0.0,DI,20
3.123291015625,11.877865731716156,0.04901123046875,0.4162310733385147,0.05867900943135205,0.00042724609375,0.93798828125,0.03948974609375,0.0174560546875,0.003662109375,0.00128173828125,0.0,0.0001220703125,0.0,0.0,0.0,0.0,0.0,0.0,0.0,0.0,0.0,0.0,0.0,0.0,0.0,0.0,0.0,0.0,0.0,0.0,0.0,0.0,0.0,0.0,0.0,0.0,0.0,DI,20
3.83843994140625,24.056478913873434,0.09234619140625,0.6707142176508203,0.0623888515688769,0.0023193359375,0.885986328125,0.0645751953125,0.04034423828125,0.0067138671875,0.00115966796875,0.000732421875,0.0001220703125,0.0001220703125,0.0,0.0001220703125,0.0,6.103515625e-05,0.0,0.0,6.103515625e-05,0.0,0.0,0.0,0.0,0.0,0.0,0.0,0.0,0.0,0.0,0.0,0.0,0.0,0.0,0.0,0.0,0.0,DI,20
3.81024169921875,28.808169033378363,0.06951904296875,0.6258588770443468,0.06074748413481092,0.00616455078125,0.9044189453125,0.04754638671875,0.030029296875,0.01104736328125,0.00396728515625,0.0015869140625,0.00067138671875,0.00048828125,6.103515625e-05,0.0001220703125,6.103515625e-05,0.0,0.0,0.0,0.0,0.0,0.0,0.0,0.0,0.0,0.0,0.0,0.0,0.0,0.0,0.0,0.0,0.0,0.0,0.0,0.0,0.0,DI,25
3.51983642578125,18.687472727149725,0.07489013671875,0.570197526472598,0.06073503350883621,0.0023193359375,0.9073486328125,0.06146240234375,0.02142333984375,0.0074462890625,0.0013427734375,0.0006103515625,0.00018310546875,6.103515625e-05,0.0,6.103515625e-05,6.103515625e-05,0.0,0.0,0.0,0.0,0.0,0.0,0.0,0.0,0.0,0.0,0.0,0.0,0.0,0.0,0.0,0.0,0.0,0.0,0.0,0.0,0.0,DI,25
4.58880615234375,52.8865226469934,0.10076904296875,0.8106143412388351,0.060820576641071475,0.0130615234375,0.87164306640625,0.04461669921875,0.051513671875,0.01898193359375,0.00787353515625,0.00238037109375,0.0010986328125,0.00048828125,0.00048828125,0.00030517578125,0.0001220703125,0.00018310546875,6.103515625e-05,0.0,0.00018310546875,0.0,0.0,6.103515625e-05,0.0,0.0,0.0,0.0,0.0,0.0,0.0,0.0,0.0,0.0,0.0,0.0,0.0,0.0,DI,25
4.0474853515625,30.362369164824486,0.09466552734375,0.7149715672614153,0.06184387680190544,0.0025634765625,0.8818359375,0.05889892578125,0.04437255859375,0.00897216796875,0.00372314453125,0.00103759765625,0.00054931640625,0.000244140625,0.00018310546875,0.0001220703125,6.103515625e-05,0.0,0.0,0.0,0.0,0.0,0.0,0.0,0.0,0.0,0.0,0.0,0.0,0.0,0.0,0.0,0.0,0.0,0.0,0.0,0.0,0.0,DI,25
3.0927734375,11.812315940856934,0.04986572265625,0.4015542795026099,0.0603295813411938,0.00341796875,0.93756103515625,0.0501708984375,0.0076904296875,0.00274658203125,0.0008544921875,0.00030517578125,0.00030517578125,0.00018310546875,0.0,0.0,0.0,0.00018310546875,0.0,0.0,0.0,0.0,0.0,0.0,0.0,0.0,0.0,0.0,0.0,0.0,0.0,0.0,0.0,0.0,0.0,0.0,0.0,0.0,DI,25
3.8466796875,32.9496374130249,0.0699462890625,0.6361201515416735,0.06157105576207954,0.0133056640625,0.9017333984375,0.05267333984375,0.02947998046875,0.00909423828125,0.0035400390625,0.001220703125,0.000732421875,0.00042724609375,0.00054931640625,6.103515625e-05,0.0001220703125,0.0001220703125,0.0001220703125,6.103515625e-05,0.0,6.103515625e-05,0.0,0.0,0.0,0.0,0.0,0.0,0.0,0.0,0.0,0.0,0.0,0.0,0.0,0.0,0.0,0.0,DI,25
3.421142578125,17.77551978826523,0.06396484375,0.5225464605917993,0.06143409334732321,0.00390625,0.917724609375,0.055908203125,0.01800537109375,0.00506591796875,0.00152587890625,0.0009765625,0.00048828125,0.00018310546875,0.0,0.0001220703125,0.0,0.0,0.0,0.0,0.0,0.0,0.0,0.0,0.0,0.0,0.0,0.0,0.0,0.0,0.0,0.0,0.0,0.0,0.0,0.0,0.0,0.0,DI,25
3.440185546875,16.158775746822357,0.06805419921875,0.5332126407415168,0.06076331228669246,0.00244140625,0.914306640625,0.05535888671875,0.02392578125,0.00439453125,0.00140380859375,0.0003662109375,0.0001220703125,0.0001220703125,0.0,0.0,0.0,0.0,0.0,0.0,0.0,0.0,0.0,0.0,0.0,0.0,0.0,0.0,0.0,0.0,0.0,0.0,0.0,0.0,0.0,0.0,0.0,0.0,DI,25
3.1494140625,12.085097312927246,0.05206298828125,0.4204226715439332,0.059094308332109116,0.0,0.937255859375,0.03912353515625,0.0185546875,0.004150390625,0.0006103515625,0.000244140625,0.0,0.0,6.103515625e-05,0.0,0.0,0.0,0.0,0.0,0.0,0.0,0.0,0.0,0.0,0.0,0.0,0.0,0.0,0.0,0.0,0.0,0.0,0.0,0.0,0.0,0.0,0.0,DI,25
3.87054443359375,25.246852096170187,0.09503173828125,0.6783456356832794,0.06179896311158588,0.0042724609375,0.8841552734375,0.064453125,0.0428466796875,0.00604248046875,0.00128173828125,0.00042724609375,0.00030517578125,6.103515625e-05,0.0001220703125,0.00018310546875,0.0,6.103515625e-05,0.0,0.0,0.0,6.103515625e-05,0.0,0.0,0.0,0.0,0.0,0.0,0.0,0.0,0.0,0.0,0.0,0.0,0.0,0.0,0.0,0.0,DI,25
3.77001953125,24.53744101524353,0.07763671875,0.6253547385266103,0.061411161586348025,0.0028076171875,0.9010009765625,0.05267333984375,0.031982421875,0.00970458984375,0.00262451171875,0.00152587890625,0.00042724609375,0.0,6.103515625e-05,0.0,0.0,0.0,0.0,0.0,0.0,0.0,0.0,0.0,0.0,0.0,0.0,0.0,0.0,0.0,0.0,0.0,0.0,0.0,0.0,0.0,0.0,0.0,DI,30
3.41180419921875,15.994296696037054,0.0692138671875,0.538252323506996,0.060018397977513,0.00299072265625,0.912841796875,0.0582275390625,0.02191162109375,0.00506591796875,0.0013427734375,0.00048828125,0.0,6.103515625e-05,0.0,0.0,6.103515625e-05,0.0,0.0,0.0,0.0,0.0,0.0,0.0,0.0,0.0,0.0,0.0,0.0,0.0,0.0,0.0,0.0,0.0,0.0,0.0,0.0,0.0,DI,30
4.25274658203125,50.23744973167777,0.0643310546875,0.7185271214908153,0.06031836315828788,0.01446533203125,0.89288330078125,0.0469970703125,0.03271484375,0.0123291015625,0.00628662109375,0.00396728515625,0.00213623046875,0.00115966796875,0.0003662109375,0.0006103515625,6.103515625e-05,0.000244140625,0.0001220703125,6.103515625e-05,6.103515625e-05,0.0,0.0,0.0,0.0,0.0,0.0,0.0,0.0,0.0,0.0,0.0,0.0,0.0,0.0,0.0,0.0,0.0,DI,30
3.9964599609375,30.244006022810936,0.09222412109375,0.7009958913217785,0.061475609350784305,0.00738525390625,0.8839111328125,0.0584716796875,0.04473876953125,0.00775146484375,0.00274658203125,0.00115966796875,0.00042724609375,0.000244140625,0.00030517578125,6.103515625e-05,0.0001220703125,0.0,0.0,0.0,0.0,0.0,6.103515625e-05,0.0,0.0,0.0,0.0,0.0,0.0,0.0,0.0,0.0,0.0,0.0,0.0,0.0,0.0,0.0,DI,30
2.925048828125,7.826047360897064,0.0504150390625,0.3334121012960665,0.05775801584545232,0.0,0.9495849609375,0.04168701171875,0.00604248046875,0.00164794921875,0.0006103515625,0.00030517578125,0.0,0.0,0.0001220703125,0.0,0.0,0.0,0.0,0.0,0.0,0.0,0.0,0.0,0.0,0.0,0.0,0.0,0.0,0.0,0.0,0.0,0.0,0.0,0.0,0.0,0.0,0.0,DI,30
3.66888427734375,28.00944196805358,0.06402587890625,0.5820756834294035,0.060850788628800966,0.01312255859375,0.9110107421875,0.04913330078125,0.02783203125,0.00616455078125,0.00286865234375,0.00091552734375,0.00067138671875,0.00042724609375,0.000244140625,0.00048828125,6.103515625e-05,0.0001220703125,6.103515625e-05,0.0,0.0,0.0,0.0,0.0,0.0,0.0,0.0,0.0,0.0,0.0,0.0,0.0,0.0,0.0,0.0,0.0,0.0,0.0,DI,30
3.39422607421875,16.313274767249823,0.06317138671875,0.5178890446381891,0.062208174700568754,0.00189208984375,0.91717529296875,0.05767822265625,0.01806640625,0.00439453125,0.00164794921875,0.00042724609375,0.00042724609375,0.00018310546875,0.0,0.0,0.0,0.0,0.0,0.0,0.0,0.0,0.0,0.0,0.0,0.0,0.0,0.0,0.0,0.0,0.0,0.0,0.0,0.0,0.0,0.0,0.0,0.0,DI,30
3.43353271484375,15.571998115628958,0.06866455078125,0.5380676803649211,0.06067319517289026,0.0,0.91259765625,0.05615234375,0.02508544921875,0.0050048828125,0.0008544921875,0.0001220703125,0.0001220703125,0.0,0.0,6.103515625e-05,0.0,0.0,0.0,0.0,0.0,0.0,0.0,0.0,0.0,0.0,0.0,0.0,0.0,0.0,0.0,0.0,0.0,0.0,0.0,0.0,0.0,0.0,DI,30
3.15509033203125,11.918879117816687,0.05120849609375,0.4300293558870775,0.0585871158323844,0.0,0.9346923828125,0.04241943359375,0.018310546875,0.00347900390625,0.0009765625,6.103515625e-05,6.103515625e-05,0.0,0.0,0.0,0.0,0.0,0.0,0.0,0.0,0.0,0.0,0.0,0.0,0.0,0.0,0.0,0.0,0.0,0.0,0.0,0.0,0.0,0.0,0.0,0.0,0.0,DI,30
3.83447265625,23.31097960472107,0.09228515625,0.6705722223384911,0.06161903734372401,0.00396728515625,0.8858642578125,0.06329345703125,0.04229736328125,0.006103515625,0.0013427734375,0.0006103515625,0.00018310546875,0.0001220703125,6.103515625e-05,6.103515625e-05,0.0,6.103515625e-05,0.0,0.0,0.0,0.0,0.0,0.0,0.0,0.0,0.0,0.0,0.0,0.0,0.0,0.0,0.0,0.0,0.0,0.0,0.0,0.0,DI,30
4.057861328125,37.27741378545761,0.087646484375,0.724424945283224,0.05556446720866683,0.010498046875,0.8837890625,0.0577392578125,0.0396728515625,0.0103759765625,0.00421142578125,0.00164794921875,0.0008544921875,0.0006103515625,0.00067138671875,0.000244140625,6.103515625e-05,0.0,6.103515625e-05,6.103515625e-05,0.0,0.0,0.0,0.0,0.0,0.0,0.0,0.0,0.0,0.0,0.0,0.0,0.0,0.0,0.0,0.0,0.0,0.0,DI,5
3.67083740234375,53.12169348821044,0.0032958984375,0.599317996973976,0.050421186698849985,0.0101318359375,0.90655517578125,0.05316162109375,0.03118896484375,0.00360107421875,0.001220703125,0.0008544921875,0.000732421875,0.0006103515625,0.00042724609375,0.0001220703125,0.0001220703125,0.000244140625,0.000244140625,0.0,0.0001220703125,6.103515625e-05,0.0001220703125,0.0001220703125,0.0,6.103515625e-05,0.0,0.0001220703125,0.0,6.103515625e-05,0.0,0.0,6.103515625e-05,6.103515625e-05,0.0,0.0001220703125,0.0,0.0,DI,5
4.4898681640625,76.19032703340054,0.0775146484375,0.7930788164986756,0.05177608961607051,0.01153564453125,0.8765869140625,0.05108642578125,0.04425048828125,0.01678466796875,0.00390625,0.00177001953125,0.00091552734375,0.0008544921875,0.00091552734375,0.00018310546875,0.0006103515625,0.000244140625,0.00048828125,0.000244140625,0.000244140625,0.0001220703125,0.00018310546875,0.00018310546875,0.00018310546875,0.0001220703125,0.0,6.103515625e-05,0.0,0.0,0.0,0.0,0.0,0.0,6.103515625e-05,0.0,0.0,0.0,DI,5
4.26971435546875,36.59345289692283,0.1134033203125,0.8087298867463804,0.057366809507662944,0.0069580078125,0.859130859375,0.0655517578125,0.0594482421875,0.01031494140625,0.0030517578125,0.00115966796875,0.00042724609375,0.0,0.0003662109375,0.000244140625,0.0,6.103515625e-05,0.00018310546875,6.103515625e-05,0.0,0.0,0.0,0.0,0.0,0.0,0.0,0.0,0.0,0.0,0.0,0.0,0.0,0.0,0.0,0.0,0.0,0.0,DI,5
3.18939208984375,14.156452413648367,0.08917236328125,0.514616942742986,0.04838908627546946,0.00299072265625,0.91082763671875,0.07330322265625,0.01177978515625,0.00213623046875,0.00128173828125,0.000244140625,0.0,0.0001220703125,6.103515625e-05,0.0,6.103515625e-05,6.103515625e-05,6.103515625e-05,6.103515625e-05,0.0,0.0,0.0,0.0,0.0,0.0,0.0,0.0,0.0,0.0,0.0,0.0,0.0,0.0,0.0,0.0,0.0,0.0,DI,5
4.16552734375,67.01898741722107,0.007568359375,0.7122247429460012,0.05207171779105554,0.01763916015625,0.890625,0.053466796875,0.036865234375,0.008544921875,0.003173828125,0.00189208984375,0.0010986328125,0.0008544921875,0.00054931640625,0.000244140625,0.00030517578125,0.00030517578125,0.00048828125,0.00048828125,0.00018310546875,0.00042724609375,0.0001220703125,0.0001220703125,0.0,0.0001220703125,0.0,0.0,6.103515625e-05,0.0,0.0,6.103515625e-05,0.0,0.0,0.0,0.0,0.0,0.0,DI,5
3.75079345703125,30.977141704410315,0.0811767578125,0.6618370599488083,0.05511704342699419,0.009521484375,0.89141845703125,0.0677490234375,0.0286865234375,0.0062255859375,0.0029296875,0.00091552734375,0.00067138671875,0.0003662109375,0.00030517578125,0.0001220703125,0.00018310546875,0.0001220703125,0.0001220703125,6.103515625e-05,6.103515625e-05,0.0,0.0,6.103515625e-05,0.0,0.0,0.0,0.0,0.0,0.0,0.0,0.0,0.0,0.0,0.0,0.0,0.0,0.0,DI,5
3.75701904296875,29.531231250613928,0.0811767578125,0.6676633790231696,0.05396017049713814,0.00665283203125,0.8897705078125,0.064697265625,0.03411865234375,0.00640869140625,0.00244140625,0.00115966796875,0.000244140625,0.00054931640625,0.00018310546875,0.0,6.103515625e-05,0.00018310546875,0.0,0.0,0.0,0.0001220703125,6.103515625e-05,0.0,0.0,0.0,0.0,0.0,0.0,0.0,0.0,0.0,0.0,0.0,0.0,0.0,0.0,0.0,DI,5
3.44390869140625,27.40566724166274,0.05572509765625,0.5475288387458116,0.04417025500095235,0.00970458984375,0.9189453125,0.044677734375,0.0233154296875,0.00628662109375,0.00390625,0.0010986328125,0.00048828125,0.00018310546875,0.0003662109375,0.00030517578125,0.00030517578125,6.103515625e-05,6.103515625e-05,0.0,0.0,0.0,0.0,0.0,0.0,0.0,0.0,0.0,0.0,0.0,0.0,0.0,0.0,0.0,0.0,0.0,0.0,0.0,DI,5
4.10797119140625,34.621704038232565,0.10321044921875,0.7761485601144021,0.05497580512677183,0.00909423828125,0.8656005859375,0.0711669921875,0.04949951171875,0.0086669921875,0.00250244140625,0.0008544921875,0.00054931640625,0.000244140625,0.0003662109375,0.0001220703125,0.0001220703125,0.00018310546875,0.0,6.103515625e-05,6.103515625e-05,0.0,0.0,0.0,0.0,0.0,0.0,0.0,0.0,0.0,0.0,0.0,0.0,0.0,0.0,0.0,0.0,0.0,DI,5
14.32269287109375,581.3607740961015,0.13800048828125,1.7226812710333774,0.2342282798456905,0.01641845703125,0.74505615234375,0.036865234375,0.03594970703125,0.02764892578125,0.02130126953125,0.0172119140625,0.01544189453125,0.0146484375,0.0208740234375,0.021484375,0.015625,0.0133056640625,0.01068115234375,0.00384521484375,6.103515625e-05,0.0,0.0,0.0,0.0,0.0,0.0,0.0,0.0,0.0,0.0,0.0,0.0,0.0,0.0,0.0,0.0,0.0,DI,5
3.9400634765625,35.532662495970726,0.0662841796875,0.648973289877912,0.06497830766655867,0.01025390625,0.90106201171875,0.0499267578125,0.03070068359375,0.00994873046875,0.00341796875,0.002197265625,0.00103759765625,0.0003662109375,0.00079345703125,6.103515625e-05,0.00018310546875,0.0001220703125,0.0001220703125,6.103515625e-05,0.0,0.0,0.0,0.0,0.0,0.0,0.0,0.0,0.0,0.0,0.0,0.0,0.0,0.0,0.0,0.0,0.0,0.0,Bacteria,0
3.2755126953125,37.24611423909664,0.001220703125,0.43549061754440443,0.060990124132577234,0.006591796875,0.93115234375,0.055908203125,0.00885009765625,0.0010986328125,0.00079345703125,0.000244140625,0.00018310546875,0.00042724609375,0.0001220703125,0.0001220703125,0.0001220703125,0.00018310546875,0.0001220703125,0.0,0.0,6.103515625e-05,0.00018310546875,0.0,0.0,0.0,6.103515625e-05,6.103515625e-05,0.0,0.0,6.103515625e-05,0.0,6.103515625e-05,0.0,6.103515625e-05,6.103515625e-05,6.103515625e-05,0.0,Bacteria,0
3.73687744140625,44.04764884337783,0.0579833984375,0.5914979434192245,0.061269101611190285,0.0076904296875,0.90936279296875,0.04815673828125,0.03155517578125,0.005615234375,0.00177001953125,0.0009765625,0.00054931640625,0.00042724609375,0.00030517578125,0.000244140625,0.0,0.00018310546875,6.103515625e-05,0.0001220703125,6.103515625e-05,6.103515625e-05,6.103515625e-05,0.000244140625,0.0,0.0,6.103515625e-05,0.0,6.103515625e-05,0.0,0.0,0.0,0.0,6.103515625e-05,0.0,0.0,6.103515625e-05,0.0,Bacteria,0
3.84814453125,31.479259252548218,0.07891845703125,0.6487829102272853,0.06212170210252529,0.015380859375,0.89581298828125,0.05841064453125,0.033935546875,0.00640869140625,0.00213623046875,0.00146484375,0.00030517578125,0.000244140625,0.00030517578125,0.000244140625,0.000244140625,0.00018310546875,0.00018310546875,6.103515625e-05,0.0,6.103515625e-05,0.0,0.0,0.0,0.0,0.0,0.0,0.0,0.0,0.0,0.0,0.0,0.0,0.0,0.0,0.0,0.0,Bacteria,0
2.8873291015625,10.477295503020287,0.0030517578125,0.30419601099050503,0.061032646295526016,0.00439453125,0.95452880859375,0.039794921875,0.00274658203125,0.00103759765625,0.00067138671875,0.0006103515625,0.000244140625,0.0,6.103515625e-05,0.0,0.0,0.0,0.00018310546875,0.0,6.103515625e-05,6.103515625e-05,0.0,0.0,0.0,0.0,0.0,0.0,0.0,0.0,0.0,0.0,0.0,0.0,0.0,0.0,0.0,0.0,Bacteria,0
3.8280029296875,44.62495802342892,0.00909423828125,0.6189512909819157,0.061414005028119056,0.02142333984375,0.90472412109375,0.0589599609375,0.02276611328125,0.0050048828125,0.002685546875,0.00164794921875,0.00091552734375,0.00067138671875,0.00048828125,0.00030517578125,0.00048828125,0.00042724609375,0.00018310546875,0.00030517578125,0.00018310546875,0.0,6.103515625e-05,6.103515625e-05,0.0001220703125,0.0,0.0,0.0,0.0,0.0,0.0,0.0,0.0,0.0,0.0,0.0,0.0,0.0,Bacteria,0
3.481689453125,17.46182292699814,0.07086181640625,0.5471468855091461,0.061144157344480324,0.0009765625,0.912109375,0.0570068359375,0.02294921875,0.00579833984375,0.001220703125,0.0003662109375,0.0003662109375,0.00018310546875,0.0,0.0,0.0,0.0,0.0,0.0,0.0,0.0,0.0,0.0,0.0,0.0,0.0,0.0,0.0,0.0,0.0,0.0,0.0,0.0,0.0,0.0,0.0,0.0,Bacteria,0
3.76763916015625,26.417993303388357,0.07867431640625,0.6389580439280758,0.05940431886221198,0.00433349609375,0.89678955078125,0.05767822265625,0.03173828125,0.01043701171875,0.00213623046875,0.0003662109375,0.00018310546875,0.000244140625,0.0,0.0001220703125,0.0001220703125,0.0,0.0,0.0001220703125,0.0,6.103515625e-05,0.0,0.0,0.0,0.0,0.0,0.0,0.0,0.0,0.0,0.0,0.0,0.0,0.0,0.0,0.0,0.0,Bacteria,0
3.40966796875,30.70656180381775,0.01934814453125,0.4654505421137377,0.05751258837289426,0.01214599609375,0.935791015625,0.03717041015625,0.0146484375,0.00543212890625,0.00225830078125,0.00146484375,0.0008544921875,0.0006103515625,0.00042724609375,0.00054931640625,0.0003662109375,0.00018310546875,0.0,0.00018310546875,6.103515625e-05,0.0,0.0,0.0,0.0,0.0,0.0,0.0,0.0,0.0,0.0,0.0,0.0,0.0,0.0,0.0,0.0,0.0,Bacteria,0
4.0296630859375,54.669652327895164,0.00250244140625,0.670377262516491,0.06268772278115116,0.0135498046875,0.893310546875,0.05718994140625,0.03631591796875,0.007080078125,0.0023193359375,0.0009765625,0.00030517578125,0.00018310546875,0.000244140625,0.000244140625,0.00030517578125,0.00018310546875,0.00030517578125,6.103515625e-05,0.00018310546875,0.0001220703125,6.103515625e-05,0.0001220703125,0.0001220703125,0.0,0.0,0.0001220703125,0.00018310546875,0.0,0.0,0.0,0.0,0.0,0.0,6.103515625e-05,0.0,0.0,Bacteria,0
3.7093505859375,24.408320769667625,0.07305908203125,0.5959167695293861,0.061275732077557626,0.00421142578125,0.90802001953125,0.0469970703125,0.03033447265625,0.00958251953125,0.003662109375,0.0009765625,0.00018310546875,0.0001220703125,6.103515625e-05,6.103515625e-05,0.0,0.0,0.0,0.0,0.0,0.0,0.0,0.0,0.0,0.0,0.0,0.0,0.0,0.0,0.0,0.0,0.0,0.0,0.0,0.0,0.0,0.0,Bacteria,10
3.2742919921875,15.646321520209312,0.05816650390625,0.4783185168478864,0.06019923947720779,0.0074462890625,0.9241943359375,0.0562744140625,0.0137939453125,0.00299072265625,0.00128173828125,0.00054931640625,0.00042724609375,0.000244140625,0.0001220703125,0.0,6.103515625e-05,0.0,6.103515625e-05,0.0,0.0,0.0,0.0,0.0,0.0,0.0,0.0,0.0,0.0,0.0,0.0,0.0,0.0,0.0,0.0,0.0,0.0,0.0,Bacteria,10
4.18707275390625,60.68637829646468,0.04461669921875,0.6868277563412724,0.05998712616281016,0.0177001953125,0.89892578125,0.04766845703125,0.03033447265625,0.0091552734375,0.00518798828125,0.0029296875,0.0018310546875,0.0009765625,0.00048828125,0.00067138671875,0.000732421875,0.00030517578125,0.0,6.103515625e-05,0.00018310546875,0.00018310546875,0.0,6.103515625e-05,0.0001220703125,0.0001220703125,6.103515625e-05,0.0,0.0,0.0,0.0,0.0,0.0,0.0,0.0,0.0,0.0,0.0,Bacteria,10
3.94171142578125,38.008138086646795,0.07818603515625,0.6648812546251983,0.06186277505647024,0.01220703125,0.89306640625,0.05609130859375,0.0389404296875,0.00634765625,0.002197265625,0.0010986328125,0.00042724609375,0.00042724609375,0.000244140625,0.0003662109375,0.000244140625,6.103515625e-05,0.0001220703125,6.103515625e-05,6.103515625e-05,0.0,0.0,6.103515625e-05,6.103515625e-05,0.0,0.0,6.103515625e-05,6.103515625e-05,0.0,0.0,0.0,0.0,0.0,0.0,0.0,0.0,0.0,Bacteria,10
2.9755859375,10.019301414489746,0.04254150390625,0.3463816717213028,0.06086333795500108,0.0037841796875,0.9478759765625,0.04217529296875,0.007080078125,0.00152587890625,0.0006103515625,0.00018310546875,0.00018310546875,0.0,0.000244140625,0.0,6.103515625e-05,0.0,0.0,0.0,6.103515625e-05,0.0,0.0,0.0,0.0,0.0,0.0,0.0,0.0,0.0,0.0,0.0,0.0,0.0,0.0,0.0,0.0,0.0,Bacteria,10
3.58380126953125,25.67657109722495,0.06488037109375,0.5574222193635818,0.061361621606199075,0.01214599609375,0.91387939453125,0.05194091796875,0.02423095703125,0.00506591796875,0.00244140625,0.001220703125,0.00030517578125,6.103515625e-05,0.00018310546875,0.00030517578125,6.103515625e-05,6.103515625e-05,6.103515625e-05,0.0,6.103515625e-05,6.103515625e-05,6.103515625e-05,0.0,0.0,0.0,0.0,0.0,0.0,0.0,0.0,0.0,0.0,0.0,0.0,0.0,0.0,0.0,Bacteria,10
3.304443359375,13.424648225307465,0.0684814453125,0.4842029033666504,0.06159044597847929,0.0009765625,0.92230224609375,0.05523681640625,0.017578125,0.00360107421875,0.00091552734375,0.00018310546875,6.103515625e-05,6.103515625e-05,0.0,6.103515625e-05,0.0,0.0,0.0,0.0,0.0,0.0,0.0,0.0,0.0,0.0,0.0,0.0,0.0,0.0,0.0,0.0,0.0,0.0,0.0,0.0,0.0,0.0,Bacteria,10
3.40032958984375,17.013137098401785,0.06488037109375,0.5167891863865878,0.0607574919574238,0.001953125,0.91748046875,0.05450439453125,0.022216796875,0.0037841796875,0.00128173828125,0.000244140625,0.0001220703125,0.00018310546875,0.0,0.0,0.0001220703125,0.0,0.0,0.0,0.0,0.0,6.103515625e-05,0.0,0.0,0.0,0.0,0.0,0.0,0.0,0.0,0.0,0.0,0.0,0.0,0.0,0.0,0.0,Bacteria,10
3.162841796875,13.540499150753021,0.05181884765625,0.4271849481180617,0.05798948961848642,0.00201416015625,0.93634033203125,0.0389404296875,0.0198974609375,0.0035400390625,0.00067138671875,0.000244140625,6.103515625e-05,0.00018310546875,0.0,0.0,0.0,0.0001220703125,0.0,0.0,0.0,0.0,0.0,0.0,0.0,0.0,0.0,0.0,0.0,0.0,0.0,0.0,0.0,0.0,0.0,0.0,0.0,0.0,Bacteria,10
3.882568359375,28.84399789571762,0.096923828125,0.6827692323518323,0.06190681297096825,0.00555419921875,0.8836669921875,0.06689453125,0.040283203125,0.00640869140625,0.00128173828125,0.000244140625,0.00018310546875,0.000244140625,0.00018310546875,0.0001220703125,6.103515625e-05,0.00018310546875,0.0001220703125,6.103515625e-05,0.0,0.0,0.0,0.0,0.0,0.0,0.0,0.0,0.0,0.0,6.103515625e-05,0.0,0.0,0.0,0.0,0.0,0.0,0.0,Bacteria,10
3.73443603515625,26.210420604795218,0.06805419921875,0.603867551508099,0.06094109556176689,0.0042724609375,0.90728759765625,0.04681396484375,0.03045654296875,0.00958251953125,0.0037841796875,0.001220703125,0.0006103515625,0.0001220703125,0.0,0.0,6.103515625e-05,0.0,6.103515625e-05,0.0,0.0,0.0,0.0,0.0,0.0,0.0,0.0,0.0,0.0,0.0,0.0,0.0,0.0,0.0,0.0,0.0,0.0,0.0,Bacteria,15
3.356201171875,19.921826779842377,0.0521240234375,0.4877195712309352,0.06054396140425691,0.0068359375,0.926513671875,0.0477294921875,0.01776123046875,0.00384521484375,0.0020751953125,0.0008544921875,0.000244140625,0.0003662109375,6.103515625e-05,0.000244140625,0.00018310546875,6.103515625e-05,6.103515625e-05,0.0,0.0,0.0,0.0,0.0,0.0,0.0,0.0,0.0,0.0,0.0,0.0,0.0,0.0,0.0,0.0,0.0,0.0,0.0,Bacteria,15
4.20758056640625,54.11041372641921,0.05511474609375,0.7124116786424911,0.0601832308871752,0.01702880859375,0.89361572265625,0.05126953125,0.030029296875,0.00994873046875,0.00592041015625,0.00347900390625,0.0025634765625,0.00091552734375,0.00042724609375,0.0006103515625,0.00048828125,0.0001220703125,0.00018310546875,0.00018310546875,0.0001220703125,0.0,0.0,6.103515625e-05,6.103515625e-05,0.0,0.0,0.0,0.0,0.0,0.0,0.0,0.0,0.0,0.0,0.0,0.0,0.0,Bacteria,15
3.9169921875,30.976386070251465,0.08612060546875,0.6772131716889223,0.06156625988183108,0.0128173828125,0.8892822265625,0.05889892578125,0.03973388671875,0.0069580078125,0.0025634765625,0.00091552734375,0.000244140625,0.0003662109375,0.0003662109375,0.0001220703125,0.000244140625,6.103515625e-05,6.103515625e-05,0.0001220703125,6.103515625e-05,0.0,0.0,0.0,0.0,0.0,0.0,0.0,0.0,0.0,0.0,0.0,0.0,0.0,0.0,0.0,0.0,0.0,Bacteria,15
2.88427734375,7.915563344955444,0.04718017578125,0.3137376898093944,0.060114007901757936,0.00274658203125,0.95281982421875,0.04022216796875,0.00439453125,0.001708984375,0.0001220703125,0.00030517578125,0.00018310546875,0.0001220703125,0.0,0.0,6.103515625e-05,6.103515625e-05,0.0,0.0,0.0,0.0,0.0,0.0,0.0,0.0,0.0,0.0,0.0,0.0,0.0,0.0,0.0,0.0,0.0,0.0,0.0,0.0,Bacteria,15
3.68194580078125,25.71201291307807,0.07110595703125,0.6037481168768972,0.061433159637997614,0.0045166015625,0.90496826171875,0.056640625,0.0257568359375,0.007080078125,0.00299072265625,0.00103759765625,0.0009765625,0.00018310546875,0.00018310546875,6.103515625e-05,6.103515625e-05,0.0,0.0,0.0,0.0,0.0,6.103515625e-05,0.0,0.0,0.0,0.0,0.0,0.0,0.0,0.0,0.0,0.0,0.0,0.0,0.0,0.0,0.0,Bacteria,15
3.245361328125,12.297707974910736,0.063232421875,0.4617570298445166,0.06158544654578078,0.0,0.92694091796875,0.05255126953125,0.01568603515625,0.00341796875,0.00103759765625,0.000244140625,6.103515625e-05,6.103515625e-05,0.0,0.0,0.0,0.0,0.0,0.0,0.0,0.0,0.0,0.0,0.0,0.0,0.0,0.0,0.0,0.0,0.0,0.0,0.0,0.0,0.0,0.0,0.0,0.0,Bacteria,15
3.38995361328125,15.421727683395147,0.06646728515625,0.5193627590002571,0.061017922483622415,0.00128173828125,0.916748046875,0.0556640625,0.02142333984375,0.00408935546875,0.00140380859375,0.00042724609375,0.00018310546875,0.0,6.103515625e-05,0.0,0.0,0.0,0.0,0.0,0.0,0.0,0.0,0.0,0.0,0.0,0.0,0.0,0.0,0.0,0.0,0.0,0.0,0.0,0.0,0.0,0.0,0.0,Bacteria,15
3.09942626953125,12.07855435833335,0.05535888671875,0.40852642346618895,0.05939561008634867,0.0010986328125,0.93841552734375,0.04168701171875,0.015869140625,0.00311279296875,0.00054931640625,0.000244140625,0.0,0.0,6.103515625e-05,0.0,0.0,0.0,0.0,0.0,0.0,0.0,0.0,6.103515625e-05,0.0,0.0,0.0,0.0,0.0,0.0,0.0,0.0,0.0,0.0,0.0,0.0,0.0,0.0,Bacteria,15
3.69049072265625,21.8958421908319,0.08294677734375,0.6213096226820979,0.061812362085526304,0.00250244140625,0.89605712890625,0.0623779296875,0.0345458984375,0.0045166015625,0.001220703125,0.00067138671875,6.103515625e-05,0.000244140625,6.103515625e-05,6.103515625e-05,0.0,0.0001220703125,0.0,0.0,0.0,6.103515625e-05,0.0,0.0,0.0,0.0,0.0,0.0,0.0,0.0,0.0,0.0,0.0,0.0,0.0,0.0,0.0,0.0,Bacteria,15
3.85516357421875,26.159625437110662,0.0810546875,0.6479301901207473,0.0627929652887656,0.0,0.8970947265625,0.05194091796875,0.03363037109375,0.01263427734375,0.0035400390625,0.000732421875,0.0003662109375,6.103515625e-05,0.0,0.0,0.0,0.0,0.0,0.0,0.0,0.0,0.0,0.0,0.0,0.0,0.0,0.0,0.0,0.0,0.0,0.0,0.0,0.0,0.0,0.0,0.0,0.0,Bacteria,150
3.30743408203125,13.717068757861853,0.06927490234375,0.49457511746306637,0.06184704096914688,0.00152587890625,0.92095947265625,0.05291748046875,0.021240234375,0.003662109375,0.0008544921875,0.00030517578125,0.0,0.0,0.0,0.0,6.103515625e-05,0.0,0.0,0.0,0.0,0.0,0.0,0.0,0.0,0.0,0.0,0.0,0.0,0.0,0.0,0.0,0.0,0.0,0.0,0.0,0.0,0.0,Bacteria,150
4.16070556640625,38.887686904519796,0.078857421875,0.7200152956748921,0.06153770514575379,0.004638671875,0.88909912109375,0.0496826171875,0.03277587890625,0.01654052734375,0.0064697265625,0.0040283203125,0.0008544921875,0.0003662109375,6.103515625e-05,6.103515625e-05,0.0,6.103515625e-05,0.0,0.0,0.0,0.0,0.0,0.0,0.0,0.0,0.0,0.0,0.0,0.0,0.0,0.0,0.0,0.0,0.0,0.0,0.0,0.0,Bacteria,150
4.0306396484375,29.089271172881126,0.09710693359375,0.7105977139213063,0.06357421207209774,0.002685546875,0.87933349609375,0.06134033203125,0.0482177734375,0.0076904296875,0.00164794921875,0.00079345703125,0.0003662109375,0.000244140625,6.103515625e-05,0.0001220703125,0.0,6.103515625e-05,0.0,6.103515625e-05,0.0,6.103515625e-05,0.0,0.0,0.0,0.0,0.0,0.0,0.0,0.0,0.0,0.0,0.0,0.0,0.0,0.0,0.0,0.0,Bacteria,150
2.9942626953125,6.858731731772423,0.0706787109375,0.35681200911692473,0.0642424476854147,0.0,0.94189453125,0.05072021484375,0.00640869140625,0.00079345703125,0.0001220703125,0.0,0.0,6.103515625e-05,0.0,0.0,0.0,0.0,0.0,0.0,0.0,0.0,0.0,0.0,0.0,0.0,0.0,0.0,0.0,0.0,0.0,0.0,0.0,0.0,0.0,0.0,0.0,0.0,Bacteria,150
3.78973388671875,23.341103103011847,0.08258056640625,0.6352391732566808,0.06431826858184297,0.0006103515625,0.896240234375,0.0565185546875,0.0357666015625,0.00885009765625,0.00146484375,0.00067138671875,0.000244140625,0.0001220703125,6.103515625e-05,6.103515625e-05,0.0,0.0,0.0,0.0,0.0,0.0,0.0,0.0,0.0,0.0,0.0,0.0,0.0,0.0,0.0,0.0,0.0,0.0,0.0,0.0,0.0,0.0,Bacteria,150
3.30096435546875,12.45232817158103,0.07489013671875,0.5039332639991806,0.06237160867312551,0.0,0.91552734375,0.0628662109375,0.0179443359375,0.003173828125,0.00030517578125,0.0001220703125,6.103515625e-05,0.0,0.0,0.0,0.0,0.0,0.0,0.0,0.0,0.0,0.0,0.0,0.0,0.0,0.0,0.0,0.0,0.0,0.0,0.0,0.0,0.0,0.0,0.0,0.0,0.0,Bacteria,150
3.46368408203125,16.890160646289587,0.07440185546875,0.5629130466421062,0.06103075690171707,0.00164794921875,0.90765380859375,0.06036376953125,0.0250244140625,0.005126953125,0.001220703125,0.00030517578125,0.0001220703125,0.0001220703125,0.0,6.103515625e-05,0.0,0.0,0.0,0.0,0.0,0.0,0.0,0.0,0.0,0.0,0.0,0.0,0.0,0.0,0.0,0.0,0.0,0.0,0.0,0.0,0.0,0.0,Bacteria,150
3.0330810546875,8.938969120383263,0.06146240234375,0.39147717497287704,0.0602240067568353,0.00042724609375,0.93853759765625,0.04693603515625,0.01275634765625,0.0013427734375,0.000244140625,0.0001220703125,6.103515625e-05,0.0,0.0,0.0,0.0,0.0,0.0,0.0,0.0,0.0,0.0,0.0,0.0,0.0,0.0,0.0,0.0,0.0,0.0,0.0,0.0,0.0,0.0,0.0,0.0,0.0,Bacteria,150
3.869873046875,23.418735921382904,0.0863037109375,0.6726062278374272,0.0624815757691244,0.0006103515625,0.8865966796875,0.05987548828125,0.04156494140625,0.01043701171875,0.00115966796875,0.0001220703125,0.00018310546875,6.103515625e-05,0.0,0.0,0.0,0.0,0.0,0.0,0.0,0.0,0.0,0.0,0.0,0.0,0.0,0.0,0.0,0.0,0.0,0.0,0.0,0.0,0.0,0.0,0.0,0.0,Bacteria,150
3.707763671875,24.674729764461517,0.06695556640625,0.5962962617261711,0.061421504391083535,0.0015869140625,0.9083251953125,0.0458984375,0.03094482421875,0.00927734375,0.00396728515625,0.0010986328125,0.00030517578125,0.0001220703125,0.0,0.0,0.0,0.0,6.103515625e-05,0.0,0.0,0.0,0.0,0.0,0.0,0.0,0.0,0.0,0.0,0.0,0.0,0.0,0.0,0.0,0.0,0.0,0.0,0.0,Bacteria,20
3.2381591796875,13.300335869193077,0.0660400390625,0.4717264191424204,0.05929579720456144,0.00054931640625,0.9244384765625,0.055419921875,0.0147705078125,0.0042724609375,0.00079345703125,0.0001220703125,0.0,0.0,0.0001220703125,0.0,0.0,0.0,0.0,6.103515625e-05,0.0,0.0,0.0,0.0,0.0,0.0,0.0,0.0,0.0,0.0,0.0,0.0,0.0,0.0,0.0,0.0,0.0,0.0,Bacteria,20
4.1707763671875,48.70960496366024,0.06121826171875,0.7029733750431684,0.06008746768129995,0.01544189453125,0.894775390625,0.049072265625,0.03118896484375,0.0115966796875,0.005859375,0.0029296875,0.001708984375,0.0008544921875,0.000732421875,0.00048828125,0.00018310546875,0.000244140625,0.00018310546875,0.0,0.0,0.0001220703125,6.103515625e-05,0.0,0.0,0.0,0.0,0.0,0.0,0.0,0.0,0.0,0.0,0.0,0.0,0.0,0.0,0.0,Bacteria,20
3.90899658203125,30.529010858386755,0.08489990234375,0.6689611779280481,0.06142100752590258,0.0064697265625,0.8916015625,0.05633544921875,0.03887939453125,0.00860595703125,0.0023193359375,0.000732421875,0.0003662109375,0.00042724609375,0.0001220703125,0.000244140625,6.103515625e-05,6.103515625e-05,0.0001220703125,6.103515625e-05,0.0,0.0,0.0,6.103515625e-05,0.0,0.0,0.0,0.0,0.0,0.0,0.0,0.0,0.0,0.0,0.0,0.0,0.0,0.0,Bacteria,20
2.85638427734375,6.106632824987173,0.060791015625,0.3090792364005456,0.05614397364953091,0.0003662109375,0.95281982421875,0.0401611328125,0.0057373046875,0.00091552734375,0.00030517578125,0.0,0.0,0.0,6.103515625e-05,0.0,0.0,0.0,0.0,0.0,0.0,0.0,0.0,0.0,0.0,0.0,0.0,0.0,0.0,0.0,0.0,0.0,0.0,0.0,0.0,0.0,0.0,0.0,Bacteria,20
3.65948486328125,22.99873450025916,0.0716552734375,0.602018362794437,0.06122955393299013,0.0042724609375,0.9044189453125,0.0552978515625,0.02874755859375,0.00738525390625,0.00189208984375,0.001220703125,0.0006103515625,0.0003662109375,0.0,0.0,6.103515625e-05,0.0,0.0,0.0,0.0,0.0,0.0,0.0,0.0,0.0,0.0,0.0,0.0,0.0,0.0,0.0,0.0,0.0,0.0,0.0,0.0,0.0,Bacteria,20
3.29632568359375,13.065328296273947,0.06787109375,0.48059525812897924,0.06122102260815882,0.00048828125,0.9229736328125,0.054443359375,0.01812744140625,0.0032958984375,0.000732421875,0.00018310546875,0.0001220703125,6.103515625e-05,6.103515625e-05,0.0,0.0,0.0,0.0,0.0,0.0,0.0,0.0,0.0,0.0,0.0,0.0,0.0,0.0,0.0,0.0,0.0,0.0,0.0,0.0,0.0,0.0,0.0,Bacteria,20
3.363525390625,14.827932298183441,0.06488037109375,0.5133162006422998,0.06044088324631133,0.0015869140625,0.9171142578125,0.055908203125,0.021728515625,0.00384521484375,0.0008544921875,0.0003662109375,6.103515625e-05,0.0,0.0,0.0001220703125,0.0,0.0,0.0,0.0,0.0,0.0,0.0,0.0,0.0,0.0,0.0,0.0,0.0,0.0,0.0,0.0,0.0,0.0,0.0,0.0,0.0,0.0,Bacteria,20
3.13427734375,12.447545766830444,0.0577392578125,0.42181932518215143,0.05845724914623417,0.001220703125,0.9359130859375,0.0426025390625,0.017822265625,0.00262451171875,0.00054931640625,0.0001220703125,0.00018310546875,0.0,6.103515625e-05,0.0,6.103515625e-05,6.103515625e-05,0.0,0.0,0.0,0.0,0.0,0.0,0.0,0.0,0.0,0.0,0.0,0.0,0.0,0.0,0.0,0.0,0.0,0.0,0.0,0.0,Bacteria,20
3.720947265625,22.950449883937836,0.08587646484375,0.6283990550350667,0.06139039983638884,0.0040283203125,0.893798828125,0.06292724609375,0.0362548828125,0.00537109375,0.0008544921875,0.0,0.00030517578125,0.00018310546875,0.0,0.00018310546875,0.0,0.0,0.0,0.0,6.103515625e-05,0.0,0.0,0.0,0.0,0.0,0.0,6.103515625e-05,0.0,0.0,0.0,0.0,0.0,0.0,0.0,0.0,0.0,0.0,Bacteria,20
3.77911376953125,25.309790816158056,0.0711669921875,0.621165657755824,0.06160182711503639,0.0,0.90313720703125,0.04833984375,0.03173828125,0.01171875,0.00360107421875,0.00128173828125,0.0001220703125,0.0,6.103515625e-05,0.0,0.0,0.0,0.0,0.0,0.0,0.0,0.0,0.0,0.0,0.0,0.0,0.0,0.0,0.0,0.0,0.0,0.0,0.0,0.0,0.0,0.0,0.0,Bacteria,25
3.328857421875,15.140265882015228,0.07293701171875,0.5052772021890455,0.0598628752525391,0.00372314453125,0.91876220703125,0.05712890625,0.0177001953125,0.00482177734375,0.00115966796875,0.0001220703125,0.0001220703125,0.0,0.0,6.103515625e-05,0.0001220703125,0.0,0.0,0.0,0.0,0.0,0.0,0.0,0.0,0.0,0.0,0.0,0.0,0.0,0.0,0.0,0.0,0.0,0.0,0.0,0.0,0.0,Bacteria,25
4.20050048828125,48.08388402685523,0.06292724609375,0.71149866690785,0.06033547812314397,0.01556396484375,0.8936767578125,0.04803466796875,0.03173828125,0.01190185546875,0.00604248046875,0.00396728515625,0.00238037109375,0.00091552734375,0.0003662109375,0.00042724609375,0.00018310546875,0.00018310546875,0.0,0.0001220703125,0.0,6.103515625e-05,0.0,0.0,0.0,0.0,0.0,0.0,0.0,0.0,0.0,0.0,0.0,0.0,0.0,0.0,0.0,0.0,Bacteria,25
3.94281005859375,30.2358040176332,0.0863037109375,0.6837527832785752,0.06197567826270169,0.0101318359375,0.88909912109375,0.05767822265625,0.03912353515625,0.0079345703125,0.00347900390625,0.001220703125,0.00054931640625,0.00048828125,6.103515625e-05,0.0001220703125,0.0001220703125,0.0,0.0,6.103515625e-05,6.103515625e-05,0.0,0.0,0.0,0.0,0.0,0.0,0.0,0.0,0.0,0.0,0.0,0.0,0.0,0.0,0.0,0.0,0.0,Bacteria,25
2.9700927734375,8.73665438592434,0.05462646484375,0.3554926757838927,0.06210975462337552,0.00067138671875,0.94537353515625,0.04461669921875,0.007568359375,0.00140380859375,0.0006103515625,0.00018310546875,0.0001220703125,0.0,0.0,6.103515625e-05,0.0,0.0,6.103515625e-05,0.0,0.0,0.0,0.0,0.0,0.0,0.0,0.0,0.0,0.0,0.0,0.0,0.0,0.0,0.0,0.0,0.0,0.0,0.0,Bacteria,25
3.74481201171875,26.02527215704322,0.07440185546875,0.6236974163986932,0.061478385185022584,0.003662109375,0.90191650390625,0.05438232421875,0.0291748046875,0.00872802734375,0.00372314453125,0.001220703125,0.0003662109375,0.00018310546875,0.0001220703125,0.0,6.103515625e-05,6.103515625e-05,6.103515625e-05,0.0,0.0,0.0,0.0,0.0,0.0,0.0,0.0,0.0,0.0,0.0,0.0,0.0,0.0,0.0,0.0,0.0,0.0,0.0,Bacteria,25
3.32672119140625,13.52099984511733,0.069091796875,0.48998295440642187,0.06168117929217469,0.0003662109375,0.92132568359375,0.05499267578125,0.0189208984375,0.00341796875,0.00091552734375,0.00018310546875,0.00018310546875,0.0,6.103515625e-05,0.0,0.0,0.0,0.0,0.0,0.0,0.0,0.0,0.0,0.0,0.0,0.0,0.0,0.0,0.0,0.0,0.0,0.0,0.0,0.0,0.0,0.0,0.0,Bacteria,25
3.43841552734375,16.21422493085265,0.06805419921875,0.539331874072177,0.06073340133301702,0.00213623046875,0.91253662109375,0.05657958984375,0.02459716796875,0.0048828125,0.0008544921875,0.000244140625,0.000244140625,0.0,0.0,0.0,0.0,0.0,6.103515625e-05,0.0,0.0,0.0,0.0,0.0,0.0,0.0,0.0,0.0,0.0,0.0,0.0,0.0,0.0,0.0,0.0,0.0,0.0,0.0,Bacteria,25
3.10772705078125,10.566092636436224,0.05712890625,0.41718901602482716,0.05864018926123549,0.0,0.93560791015625,0.043212890625,0.01861572265625,0.0020751953125,0.00030517578125,0.0001220703125,0.0,6.103515625e-05,0.0,0.0,0.0,0.0,0.0,0.0,0.0,0.0,0.0,0.0,0.0,0.0,0.0,0.0,0.0,0.0,0.0,0.0,0.0,0.0,0.0,0.0,0.0,0.0,Bacteria,25
3.75567626953125,21.641538824886084,0.08740234375,0.64400679828245,0.061580192376182036,0.00323486328125,0.89056396484375,0.06280517578125,0.0391845703125,0.005859375,0.00091552734375,0.000244140625,6.103515625e-05,0.00018310546875,0.0,6.103515625e-05,0.0,0.0001220703125,0.0,0.0,0.0,0.0,0.0,0.0,0.0,0.0,0.0,0.0,0.0,0.0,0.0,0.0,0.0,0.0,0.0,0.0,0.0,0.0,Bacteria,25
3.766357421875,26.894141614437103,0.06964111328125,0.6096261827593921,0.06091893589112528,0.00238037109375,0.90692138671875,0.0462646484375,0.0303955078125,0.00982666015625,0.004150390625,0.00140380859375,0.0006103515625,0.00030517578125,6.103515625e-05,6.103515625e-05,0.0,0.0,0.0,0.0,0.0,0.0,0.0,0.0,0.0,0.0,0.0,0.0,0.0,0.0,0.0,0.0,0.0,0.0,0.0,0.0,0.0,0.0,Bacteria,30
3.327392578125,15.958976209163666,0.05963134765625,0.49200885254284377,0.06063607676232953,0.00238037109375,0.92401123046875,0.0496826171875,0.01898193359375,0.0047607421875,0.0015869140625,0.00048828125,0.000244140625,0.00018310546875,0.0,0.0,0.0,0.0,6.103515625e-05,0.0,0.0,0.0,0.0,0.0,0.0,0.0,0.0,0.0,0.0,0.0,0.0,0.0,0.0,0.0,0.0,0.0,0.0,0.0,Bacteria,30
4.21490478515625,46.589252945035696,0.064208984375,0.7182642273563412,0.06027310389479943,0.017822265625,0.89190673828125,0.04833984375,0.03265380859375,0.012451171875,0.0072021484375,0.0032958984375,0.00213623046875,0.00091552734375,0.00048828125,0.000244140625,0.0001220703125,6.103515625e-05,0.0001220703125,0.0,6.103515625e-05,0.0,0.0,0.0,0.0,0.0,0.0,0.0,0.0,0.0,0.0,0.0,0.0,0.0,0.0,0.0,0.0,0.0,Bacteria,30
3.962158203125,30.12076038122177,0.0897216796875,0.684452051388693,0.06135211050700451,0.00811767578125,0.88818359375,0.0572509765625,0.041259765625,0.00787353515625,0.0028076171875,0.00152587890625,0.00042724609375,0.000244140625,0.0,0.00018310546875,6.103515625e-05,6.103515625e-05,0.0,6.103515625e-05,6.103515625e-05,0.0,0.0,0.0,0.0,0.0,0.0,0.0,0.0,0.0,0.0,0.0,0.0,0.0,0.0,0.0,0.0,0.0,Bacteria,30
2.9666748046875,8.483264431357384,0.05377197265625,0.3516367727317896,0.061501030579824624,0.0009765625,0.94622802734375,0.04388427734375,0.00726318359375,0.00177001953125,0.00042724609375,0.00018310546875,6.103515625e-05,6.103515625e-05,6.103515625e-05,0.0,6.103515625e-05,0.0,0.0,0.0,0.0,0.0,0.0,0.0,0.0,0.0,0.0,0.0,0.0,0.0,0.0,0.0,0.0,0.0,0.0,0.0,0.0,0.0,Bacteria,30
3.679931640625,22.700046479701996,0.074462890625,0.6086550027821999,0.06109640263375776,0.00439453125,0.9031982421875,0.05401611328125,0.0306396484375,0.00823974609375,0.00225830078125,0.0010986328125,0.00018310546875,0.000244140625,0.0001220703125,0.0,0.0,0.0,0.0,0.0,0.0,0.0,0.0,0.0,0.0,0.0,0.0,0.0,0.0,0.0,0.0,0.0,0.0,0.0,0.0,0.0,0.0,0.0,Bacteria,30
3.29443359375,12.88462233543396,0.06744384765625,0.4806586235594323,0.061135577913127306,0.00091552734375,0.9227294921875,0.053955078125,0.01922607421875,0.00323486328125,0.00054931640625,0.0001220703125,6.103515625e-05,0.0,0.0001220703125,0.0,0.0,0.0,0.0,0.0,0.0,0.0,0.0,0.0,0.0,0.0,0.0,0.0,0.0,0.0,0.0,0.0,0.0,0.0,0.0,0.0,0.0,0.0,Bacteria,30
3.4434814453125,16.163065418601036,0.0687255859375,0.5335853211948385,0.06129443190308991,0.00103759765625,0.9139404296875,0.05499267578125,0.0250244140625,0.004638671875,0.000732421875,0.00042724609375,0.0001220703125,6.103515625e-05,0.0,0.0,6.103515625e-05,0.0,0.0,0.0,0.0,0.0,0.0,0.0,0.0,0.0,0.0,0.0,0.0,0.0,0.0,0.0,0.0,0.0,0.0,0.0,0.0,0.0,Bacteria,30
3.09869384765625,10.613001223653555,0.05535888671875,0.4151008537890595,0.05831856626621879,0.00048828125,0.93634033203125,0.04296875,0.0174560546875,0.0028076171875,0.00018310546875,0.00018310546875,0.0,0.0,6.103515625e-05,0.0,0.0,0.0,0.0,0.0,0.0,0.0,0.0,0.0,0.0,0.0,0.0,0.0,0.0,0.0,0.0,0.0,0.0,0.0,0.0,0.0,0.0,0.0,Bacteria,30
3.7830810546875,22.558903202414513,0.089599609375,0.6494017751107924,0.061955495114251385,0.00225830078125,0.889404296875,0.0621337890625,0.04083251953125,0.00640869140625,0.00030517578125,0.00018310546875,0.0003662109375,0.00018310546875,6.103515625e-05,0.0,0.0,0.0,6.103515625e-05,6.103515625e-05,0.0,0.0,0.0,0.0,0.0,0.0,0.0,0.0,0.0,0.0,0.0,0.0,0.0,0.0,0.0,0.0,0.0,0.0,Bacteria,30
3.6732177734375,23.600366696715355,0.0694580078125,0.6009719758572868,0.060807171889518515,0.00518798828125,0.9052734375,0.05535888671875,0.02691650390625,0.0074462890625,0.00274658203125,0.00140380859375,0.00042724609375,0.00018310546875,0.00018310546875,0.0,6.103515625e-05,0.0,0.0,0.0,0.0,0.0,0.0,0.0,0.0,0.0,0.0,0.0,0.0,0.0,0.0,0.0,0.0,0.0,0.0,0.0,0.0,0.0,Bacteria,5
3.396240234375,32.168066918849945,0.00433349609375,0.4739878715312643,0.060791330429534676,0.00970458984375,0.92919921875,0.04937744140625,0.0140380859375,0.00250244140625,0.00140380859375,0.00103759765625,0.00042724609375,0.0003662109375,6.103515625e-05,0.00030517578125,0.00030517578125,0.000244140625,6.103515625e-05,0.0001220703125,0.0001220703125,6.103515625e-05,0.0001220703125,6.103515625e-05,0.0001220703125,0.0,6.103515625e-05,0.0,0.0,0.0,0.0,0.0,0.0,0.0,0.0,0.0,0.0,0.0,Bacteria,5
4.03778076171875,52.2962410710752,0.06280517578125,0.6640620409603313,0.0599681559707664,0.01275634765625,0.89947509765625,0.0482177734375,0.03466796875,0.008056640625,0.00372314453125,0.00177001953125,0.0013427734375,0.0003662109375,0.0003662109375,0.000244140625,0.00042724609375,0.0003662109375,0.0003662109375,0.00018310546875,0.0,0.0001220703125,0.0,0.0,6.103515625e-05,0.0,6.103515625e-05,0.0001220703125,0.0,0.0,6.103515625e-05,0.0,0.0,0.0,0.0,0.0,0.0,0.0,Bacteria,5
3.8985595703125,33.144006714224815,0.08349609375,0.66392467752109,0.061449032743662056,0.01129150390625,0.8931884765625,0.0567626953125,0.03759765625,0.0069580078125,0.0020751953125,0.00140380859375,0.00054931640625,0.0003662109375,0.00030517578125,0.00018310546875,0.00018310546875,6.103515625e-05,0.00018310546875,6.103515625e-05,0.0,0.0,0.0,0.0001220703125,0.0,0.0,0.0,0.0,0.0,0.0,0.0,0.0,0.0,0.0,0.0,0.0,0.0,0.0,Bacteria,5
2.9869384765625,13.382275685667992,0.0040283203125,0.3380702796929662,0.06063274380333119,0.0059814453125,0.95013427734375,0.0411376953125,0.00482177734375,0.00164794921875,0.00079345703125,0.00042724609375,0.00030517578125,0.00018310546875,0.0001220703125,6.103515625e-05,0.0001220703125,0.0,6.103515625e-05,6.103515625e-05,6.103515625e-05,0.0,6.103515625e-05,0.0,0.0,0.0,0.0,0.0,0.0,0.0,0.0,0.0,0.0,0.0,0.0,0.0,0.0,0.0,Bacteria,5
3.7578125,34.97637939453125,0.0567626953125,0.6088115656010273,0.060820758244441275,0.01123046875,0.90679931640625,0.05364990234375,0.025634765625,0.00640869140625,0.00335693359375,0.00140380859375,0.0008544921875,0.0003662109375,0.00048828125,0.000244140625,0.000244140625,0.0001220703125,0.0001220703125,0.0001220703125,0.0,0.0,6.103515625e-05,0.0001220703125,0.0,0.0,0.0,0.0,0.0,0.0,0.0,0.0,0.0,0.0,0.0,0.0,0.0,0.0,Bacteria,5
3.32568359375,14.459970235824585,0.06866455078125,0.49083975723423856,0.061203079090658294,0.00201416015625,0.92205810546875,0.05499267578125,0.01678466796875,0.00396728515625,0.0013427734375,0.000732421875,6.103515625e-05,0.0,0.0,0.0,6.103515625e-05,0.0,0.0,0.0,0.0,0.0,0.0,0.0,0.0,0.0,0.0,0.0,0.0,0.0,0.0,0.0,0.0,0.0,0.0,0.0,0.0,0.0,Bacteria,5
3.41583251953125,17.936885561794043,0.06732177734375,0.5349552816697342,0.05561207858667328,0.0008544921875,0.91571044921875,0.0516357421875,0.02362060546875,0.00732421875,0.00115966796875,0.000244140625,0.0,0.0,6.103515625e-05,0.0001220703125,0.0001220703125,0.0,0.0,0.0,0.0,0.0,0.0,0.0,0.0,0.0,0.0,0.0,0.0,0.0,0.0,0.0,0.0,0.0,0.0,0.0,0.0,0.0,Bacteria,5
3.29736328125,17.318801641464233,0.05804443359375,0.48602019633815696,0.06086469893962072,0.00537109375,0.92596435546875,0.048583984375,0.01751708984375,0.0047607421875,0.0018310546875,0.00048828125,0.0003662109375,0.00018310546875,0.0,0.0001220703125,0.00018310546875,0.0,0.0,0.0,0.0,0.0,0.0,0.0,0.0,0.0,0.0,0.0,0.0,0.0,0.0,0.0,0.0,0.0,0.0,0.0,0.0,0.0,Bacteria,5
3.8582763671875,31.570856794714928,0.08026123046875,0.6554541942678024,0.061410582609133325,0.0093994140625,0.89410400390625,0.05877685546875,0.035400390625,0.0064697265625,0.0023193359375,0.00091552734375,0.00054931640625,0.00030517578125,0.0003662109375,0.000244140625,0.00018310546875,0.0,6.103515625e-05,0.000244140625,0.0,0.0,0.0,6.103515625e-05,0.0,0.0,0.0,0.0,0.0,0.0,0.0,0.0,0.0,0.0,0.0,0.0,0.0,0.0,Bacteria,5
