Class,Image,Image mean intensity,No of Dots,Average intensity of bright region,Average intensity of dark region
DI,D0000.tif,17.61639031,12,95.63194444,5.152366864
DI,D0000a.tif,15.71843112,4,86.43939394,3.499626028
DI,D0001.tif,18.54049745,13,101.2050691,5.26276832
DI,D0001a.tif,15.45535714,4,84.82532751,3.591486184
DI,D0002.tif,18.13456633,18,93.08932462,5.28277923
DI,D0002a.tif,20.54719388,4,91.13059034,5.236321304
DI,D0003.tif,18.36479592,17,93.62582057,5.526315789
DI,D0003a.tif,23.18718112,4,103.2885662,6.113346228
DI,D0004.tif,17.76434949,20,83.99390244,5.440242057
DI,D0004a.tif,22.06983418,7,98.58097166,7.763815291
DI,D0005.tif,18.01881378,19,86.01626016,5.365733737
DI,D0005a.tif,21.61607143,7,96.89112903,7.473484848
DI,D0006.tif,22.8466199,19,104.2611336,7.623769871
DI,D0006a.tif,21.77742347,11,96.97639485,8.652808989
DI,D0007.tif,19.27806122,20,87.96558704,6.434897805
DI,D0007a.tif,20.88329082,10,96.14253394,8.535634744
DI,WIN_20230325_15_03_33_Pro.jpg,5.901785714,5,157.0769231,3.998062641
DI,WIN_20230325_15_03_34_Pro.jpg,5.883928571,6,152.6097561,3.940226171
DI,WIN_20230325_15_04_09_Pro.jpg,6.834183673,14,55.1993865,1.223131673
DI,WIN_20230325_15_04_11_Pro.jpg,6.889668367,14,55.28658537,1.236467236
DI,WIN_20230325_15_04_47_Pro.jpg,4.934630102,7,140.6388889,3.358709677
DI,WIN_20230325_15_04_49_Pro.jpg,4.997130102,7,139.2058824,3.526112186
DI,WIN_20230325_15_05_32_Pro.jpg,6.154655612,11,121.8387097,3.821405335
DI,WIN_20230325_15_05_33_Pro.jpg,6.115114796,11,120.8870968,3.800260247
DI,WIN_20230325_15_06_01_Pro.jpg,6.848852041,9,48.69587629,0.940320233
DI,WIN_20230325_15_06_02_Pro.jpg,6.885522959,9,49.25,0.974200581
DI,WIN_20230325_15_06_42_Pro.jpg,8.074936224,12,67.38787879,1.099429793
DI,WIN_20230325_15_06_43_Pro.jpg,8.022002551,12,67.09756098,1.121438746
DI,WIN_20230325_15_07_11_Pro.jpg,7.444515306,17,60.92401216,1.176344852
DI,WIN_20230325_15_07_12_Pro.jpg,7.462053571,17,61.19018405,1.228825623
DI,WIN_20230325_15_07_42_Pro.jpg,6.463647959,16,49.3782235,1.089702189
DI,WIN_20230325_15_07_43_Pro.jpg,6.50127551,17,49.41714286,1.109834889
DI,WIN_20230325_15_08_08_Pro.jpg,10.50701531,13,68.91484185,1.697614679
DI,WIN_20230325_15_08_09_Pro.jpg,10.66485969,12,69.2746988,1.72583609
DI,WIN_20230325_15_08_39_Pro.jpg,6.703443878,8,55.05864198,1.131934566
DI,WIN_20230325_15_08_41_Pro.jpg,6.77997449,8,55.58769231,1.136961935
DI,WIN_20230325_15_18_05_Pro.jpg,6.323341837,15,47.90250696,0.948145481
DI,WIN_20230325_15_18_07_Pro.jpg,6.345982143,16,48.20391061,0.951763859
DI,WIN_20230325_15_18_30_Pro.jpg,10.40274235,14,86.37699681,1.979100248
DI,WIN_20230325_15_18_31_Pro.jpg,10.27359694,14,85.7605178,2.02263884
DI,WIN_20230325_15_18_57_Pro.jpg,13.88424745,6,112.230303,2.318246614
DI,WIN_20230325_15_18_59_Pro.jpg,14.13871173,5,114.0212121,2.392017106
DI,WIN_20230325_15_19_33_Pro.jpg,7.363201531,9,54.64109589,1.135691086
DI,WIN_20230325_15_19_34_Pro.jpg,7.380102041,9,55.04432133,1.179459459
DI,WIN_20230325_15_20_15_Pro.jpg,8.205994898,10,55.25879397,1.366325785
DI,WIN_20230325_15_20_16_Pro.jpg,8.12372449,10,54.58706468,1.291880029
DI,WIN_20230325_15_20_46_Pro.jpg,13.05293367,10,99.56285714,2.184852836
DI,WIN_20230325_15_20_47_Pro.jpg,13.04815051,10,99.46306818,2.122126437
DI,WIN_20230325_15_21_26_Pro.jpg,8.344068878,9,68.75157233,1.527324344
DI,WIN_20230325_15_21_27_Pro.jpg,8.138392857,10,67.00626959,1.472133475
DI,WIN_20230325_15_21_55_Pro.jpg,11.86607143,10,89.4351585,2.215130871
DI,WIN_20230325_15_21_56_Pro.jpg,11.98118622,10,90.85131195,2.29538131
DI,WIN_20230325_15_22_29_Pro.jpg,10.44260204,13,71.0546875,1.985101744
DI,WIN_20230325_15_22_30_Pro.jpg,10.57557398,13,72.30971129,2.038112523
DI,WIN_20230325_15_23_05_Pro.jpg,10.40178571,10,79.40751445,1.844086022
DI,WIN_20230325_15_23_06_Pro.jpg,10.36702806,10,79.09248555,1.844086022
DI,WIN_20230325_15_33_18_Pro.jpg,9.361607143,13,71.52890173,1.651971326
DI,WIN_20230325_15_33_19_Pro.jpg,9.456951531,13,72.09221902,1.664037289
DI,WIN_20230325_15_33_39_Pro.jpg,11.93654337,10,101.3973941,2.22834924
DI,WIN_20230325_15_33_40_Pro.jpg,12.31664541,10,104.6938111,2.291975963
DI,WIN_20230325_15_34_06_Pro.jpg,12.94802296,5,108.2115385,2.42315864
DI,WIN_20230325_15_34_07_Pro.jpg,12.92315051,5,107.5492063,2.356965615
DI,WIN_20230325_15_34_32_Pro.jpg,6.324936224,6,49.86604361,1.359857904
DI,WIN_20230325_15_34_33_Pro.jpg,6.415178571,7,50.11384615,1.362860192
DI,WIN_20230325_15_34_54_Pro.jpg,8.18622449,10,55.21483376,1.487431694
DI,WIN_20230325_15_34_55_Pro.jpg,8.165178571,10,55.27435897,1.474508376
DI,WIN_20230325_15_35_22_Pro.jpg,9.529655612,9,79.7968254,1.683445587
DI,WIN_20230325_15_35_23_Pro.jpg,9.543048469,8,79.45283019,1.654009936
DI,WIN_20230325_15_35_52_Pro.jpg,11.63679847,7,104.2841727,2.624912526
DI,WIN_20230325_15_35_53_Pro.jpg,11.70918367,10,103.2526316,2.558049807
DI,WIN_20230325_15_36_17_Pro.jpg,11.18909439,10,87.40540541,2.134498751
DI,WIN_20230325_15_36_18_Pro.jpg,11.58832908,8,90.33033033,2.233678202
DI,WIN_20230325_15_36_45_Pro.jpg,10.72608418,9,76.97214485,2.162045373
DI,WIN_20230325_15_36_46_Pro.jpg,10.85969388,9,78.43820225,2.205755396
DI,WIN_20230325_15_37_09_Pro.jpg,13.35044643,8,107.1021672,2.585495912
DI,WIN_20230325_15_37_10_Pro.jpg,13.35331633,8,107.6490683,2.563255153
DI,WIN_20230325_15_48_03_Pro.jpg,9.586096939,11,71.38571429,1.822325915
DI,WIN_20230325_15_48_04_Pro.jpg,9.642219388,10,72.3583815,1.864516129
DI,WIN_20230325_15_48_20_Pro.jpg,12.10778061,8,106.8945578,2.302251935
DI,WIN_20230325_15_48_21_Pro.jpg,11.95440051,8,106.1296928,2.248680971
DI,WIN_20230325_15_48_35_Pro.jpg,11.44196429,6,103.7403509,2.215363031
DI,WIN_20230325_15_48_36_Pro.jpg,11.46524235,6,103.3728223,2.206739207
DI,WIN_20230325_15_48_53_Pro.jpg,6.844068878,4,61.92733564,1.25254654
DI,WIN_20230325_15_48_54_Pro.jpg,6.793686224,4,61.30795848,1.259922726
DI,WIN_20230325_15_49_16_Pro.jpg,8.454719388,8,63.02305476,1.665471495
DI,WIN_20230325_15_49_17_Pro.jpg,8.358737245,7,61.875,1.592313218
DI,WIN_20230325_15_49_38_Pro (2).jpg,12.63743622,8,100.5014925,2.128882542
DI,WIN_20230325_15_49_38_Pro.jpg,12.91709184,9,103.3666667,2.279757662
DI,WIN_20230325_15_49_55_Pro.jpg,10.16964286,5,103.4538153,2.124004157
DI,WIN_20230325_15_49_56_Pro.jpg,10.16581633,7,104.8381743,2.28462867
DI,WIN_20230325_15_50_11_Pro.jpg,12.21524235,7,103.1229773,2.278740715
DI,WIN_20230325_15_50_12_Pro.jpg,12.23947704,5,103.1575563,2.230442478
DI,WIN_20230325_15_50_35_Pro.jpg,10.55389031,8,86.63961039,2.267326733
DI,WIN_20230325_15_50_36_Pro.jpg,10.5127551,9,86.11400651,2.308589608
DI,WIN_20230325_15_50_55_Pro.jpg,12.30452806,6,104.2090032,2.186902655
DI,WIN_20230325_15_50_56_Pro.jpg,12.24776786,6,103.5576923,2.15970255
DI,WIN_20230328_16_14_57_Pro.jpg,6.523278061,6,60.26870748,0.963406052
DI,WIN_20230328_16_14_58_Pro.jpg,6.389987245,6,58.89491525,0.938049982
DI,WIN_20230328_16_15_35_Pro.jpg,4.749362245,11,45.80882353,0.849860335
DI,WIN_20230328_16_15_36_Pro.jpg,4.775829082,11,46.11851852,0.881018842
DI,WIN_20230328_16_16_07_Pro.jpg,6.488520408,12,56.22635135,1.304577465
DI,WIN_20230328_16_16_08_Pro.jpg,6.66932398,12,58.02372881,1.336853221
DI,WIN_20230328_16_16_33_Pro.jpg,6.736288265,10,60.39655172,1.268446943
DI,WIN_20230328_16_16_34_Pro.jpg,6.753826531,10,60.70103093,1.235852373
DI,WIN_20230328_16_16_59_Pro.jpg,4.631696429,6,45.13103448,0.504919185
DI,WIN_20230328_16_17_00_Pro.jpg,4.619579082,6,45.17361111,0.518609551
DI,WIN_20230328_16_17_28_Pro.jpg,7.575255102,3,73.37676056,1.022791024
DI,WIN_20230328_16_17_29_Pro.jpg,7.646364796,3,73.58098592,1.080645161
DI,WIN_20230328_16_17_48_Pro.jpg,6.302933673,6,143.5166667,3.626462939
DI,WIN_20230328_16_17_49_Pro.jpg,6.363520408,6,144.9333333,3.660598179
DI,WIN_20230328_16_18_16_Pro.jpg,6.457270408,7,60.65248227,1.102312544
DI,WIN_20230328_16_18_17_Pro.jpg,6.307079082,8,59.50533808,1.071103327
DI,WIN_20230328_16_18_38_Pro.jpg,9.314094388,8,82.83392226,2.021381002
DI,WIN_20230328_16_18_39_Pro.jpg,9.148596939,8,81.72982456,1.893019993
DI,WIN_20230328_16_29_30_Pro.jpg,8.691964286,1,107.7,1.222222222
DI,WIN_20230328_16_29_31_Pro.jpg,8.68877551,1,107.7,1.218792867
DI,WIN_20230328_16_30_00_Pro.jpg,9.249362245,5,105.6153846,1.478980014
DI,WIN_20230328_16_30_01_Pro.jpg,9.270727041,5,105.6880342,1.496209511
DI,WIN_20230328_16_30_38_Pro.jpg,9.411033163,5,105.7402597,1.751118761
DI,WIN_20230328_16_30_39_Pro.jpg,9.424744898,5,105.7056277,1.768674699
DI,WIN_20230328_16_31_06_Pro.jpg,9.583864796,4,104.7245763,1.84137931
DI,WIN_20230328_16_31_07_Pro.jpg,9.606505102,4,105.2692308,1.892832529
DI,WIN_20230328_16_31_52_Pro.jpg,8.815369898,3,107.6069869,1.033023736
DI,WIN_20230328_16_31_53_Pro.jpg,8.848852041,3,107.6026201,1.069487444
DI,WIN_20230328_16_32_15_Pro.jpg,9.265306122,2,106.9166667,1.609009629
DI,WIN_20230328_16_32_17_Pro.jpg,9.223852041,3,107.0044248,1.629896907
DI,WIN_20230328_16_33_19_Pro.jpg,7.931441327,5,70.82943144,1.302432147
DI,WIN_20230328_16_33_20_Pro.jpg,8.132334184,6,72.42,1.33180536
DI,WIN_20230328_16_33_39_Pro.jpg,8.867028061,1,107.7,1.410493827
DI,WIN_20230328_16_33_40_Pro.jpg,8.865433673,1,107.7,1.40877915
DI,WIN_20230328_16_34_08_Pro.jpg,9.203443878,2,107.3378378,1.727179135
DI,WIN_20230328_16_34_09_Pro.jpg,9.180484694,2,107.3423423,1.70212766
DI,WIN_20230328_16_44_04_Pro.jpg,8.582589286,1,107.7,1.104595336
DI,WIN_20230328_16_44_05_Pro.jpg,8.573660714,1,107.7,1.094993141
DI,WIN_20230328_16_44_30_Pro.jpg,8.713010204,3,106.1359649,1.074621733
DI,WIN_20230328_16_44_31_Pro.jpg,8.671875,3,106.1052632,1.032668501
DI,WIN_20230328_16_44_56_Pro.jpg,9.303571429,3,107.2920354,1.69347079
DI,WIN_20230328_16_44_57_Pro.jpg,9.343112245,3,107.2876106,1.736426117
DI,WIN_20230328_16_45_25_Pro.jpg,9.171237245,2,107.4660633,1.719039451
DI,WIN_20230328_16_45_27_Pro.jpg,9.126594388,2,107.4615385,1.67135506
DI,WIN_20230328_16_45_57_Pro.jpg,8.668048469,3,106.0818966,0.885674931
DI,WIN_20230328_16_45_58_Pro.jpg,8.684311224,3,106.0560345,0.90530303
DI,WIN_20230328_16_46_18_Pro.jpg,9.063137755,4,107.3436123,1.393949811
DI,WIN_20230328_16_46_19_Pro.jpg,9.058354592,4,107.2995595,1.392231007
DI,WIN_20230328_16_46_46_Pro.jpg,10.03348214,9,104.9467213,2.025587828
DI,WIN_20230328_16_46_47_Pro.jpg,10.05197704,8,105.382716,2.044590391
DI,WIN_20230328_16_47_11_Pro.jpg,8.831632653,1,107.7,1.372427984
DI,WIN_20230328_16_47_13_Pro.jpg,8.806122449,1,107.7,1.344993141
DI,WIN_20230328_16_47_41_Pro.jpg,9.033482143,1,107.7,1.589506173
DI,WIN_20230328_16_47_43_Pro.jpg,9.053890306,1,107.7,1.611454047
DI,WIN_20230328_16_59_07_Pro.jpg,8.564413265,2,107.5565611,1.059348199
DI,WIN_20230328_16_59_08_Pro.jpg,8.607142857,2,107.5520362,1.105660377
DI,WIN_20230328_16_59_27_Pro.jpg,8.536352041,2,107.3542601,0.971507037
DI,WIN_20230328_16_59_28_Pro.jpg,8.543686224,2,107.3318386,0.981119121
DI,WIN_20230328_16_59_52_Pro.jpg,8.796237245,3,107.1057269,1.12478515
DI,WIN_20230328_16_59_53_Pro.jpg,8.790816327,3,107.0660793,1.122035064
DI,WIN_20230328_17_00_16_Pro.jpg,9.142538265,2,107.4887892,1.613800206
DI,WIN_20230328_17_00_17_Pro.jpg,9.122130102,2,107.5112108,1.590113285
DI,WIN_20230328_17_00_38_Pro.jpg,8.182397959,1,107.7,0.674211248
DI,WIN_20230328_17_00_39_Pro.jpg,8.1875,1,107.7,0.679698217
DI,WIN_20230328_17_01_05_Pro.jpg,8.776785714,3,106.7511111,1.20405359
DI,WIN_20230328_17_01_06_Pro.jpg,8.774872449,3,106.4405286,1.153661052
DI,WIN_20230328_17_01_26_Pro.jpg,10.5,8,107.1854839,2.197368421
DI,WIN_20230328_17_01_27_Pro.jpg,10.55357143,7,107.4016064,2.200554209
DI,WIN_20230328_17_01_48_Pro.jpg,8.620216837,1,107.7,1.145061728
DI,WIN_20230328_17_01_49_Pro.jpg,8.606505102,1,107.7,1.130315501
DI,WIN_20230328_17_02_09_Pro (2).jpg,8.997767857,2,107.2972973,1.508922443
DI,WIN_20230328_17_02_09_Pro.jpg,8.95440051,1,107.7,1.504458162
DI,bD0000.tif,15.67059949,7,97.09873418,3.936154688
DI,bD0001.tif,14.234375,8,90.36363636,3.580152672
DI,bD0002.tif,26.5497449,22,102.2888889,9.181105449
DI,bD0003.tif,28.23182398,20,108.8715753,9.778213166
DI,bD0004.tif,22.50605867,17,91.79065041,9.613464448
DI,bD0005.tif,23.57174745,20,94.51388889,9.987082067
DI,bD0006.tif,22.50605867,17,103.2299465,11.57530775
DI,bD0007.tif,22.83003827,22,102.6134021,11.56513828
DI,cD0000 (1).tif,17.37053571,18,124.5473251,8.368129969
DI,cD0000 (2).tif,16.46875,17,121.489083,8.195734434
DI,cD0000 (3).tif,18.5283801,20,78.2804428,6.043562066
DI,cD0000 (4).tif,19.16167092,21,80.54627949,6.077369439
DI,cD0000 (5).tif,16.77327806,19,75.36842105,7.286031864
DI,cD0000 (6).tif,16.23979592,15,73.29519451,7.001852538
DI,cD0000 (7).tif,15.91485969,14,75.42753623,6.863335783
DI,cD0000 (8).tif,16.55484694,16,78.37922705,7.151726672
DI,dD0000 (1).tif,24.88584184,30,143.1480263,12.19103107
DI,dD0000 (2).tif,24.41294643,29,139.5801282,11.68909348
DI,dD0000 (3).tif,30.99744898,29,111.1304348,10.28892456
DI,dD0000 (4).tif,31.53571429,29,114.1767516,10.84250399
DI,dD0000 (5).tif,26.62276786,22,94.60060514,8.467878788
DI,dD0000 (6).tif,26.85299745,25,92.51237263,8.434054716
DI,dD0000 (7).tif,28.11001276,27,103.5557377,9.890736342
DI,dD0000 (8).tif,26.71524235,25,100.0220339,9.727415554
Bacteria,BACTERIA ON D0000.tif,16.56696429,8,97.41265823,4.916453849
Bacteria,BACTERIA ON D0001.tif,17.29559949,8,103.6051282,5.037509104
Bacteria,BACTERIA ON D0002.tif,22.70471939,8,106.95,7.479668675
Bacteria,BACTERIA ON D0003.tif,21.91103316,8,103.6430063,7.176514866
Bacteria,BACTERIA ON D0004.tif,22.36798469,11,101.1711712,9.370728083
Bacteria,BACTERIA ON D0005.tif,22.50318878,12,102.9817352,9.438102298
Bacteria,BACTERIA ON D0006.tif,22.83450255,11,102.4794189,10.75468234
Bacteria,BACTERIA ON D0007.tif,22.9971301,13,103.7146341,10.85693324
Bacteria,WIN_20230325_15_53_49_Pro.jpg,5.81505102,6,145.6222222,3.779682951
Bacteria,WIN_20230325_15_53_50_Pro.jpg,5.837691327,6,145.4,3.805888062
Bacteria,WIN_20230325_15_54_13_Pro.jpg,5.833545918,14,118.6415094,3.894258839
Bacteria,WIN_20230325_15_54_15_Pro.jpg,5.814094388,14,117.2777778,3.861129137
Bacteria,WIN_20230325_15_54_35_Pro.jpg,7.776785714,11,80.43129771,1.153444676
Bacteria,WIN_20230325_15_54_36_Pro.jpg,7.329719388,10,76.53846154,1.073018081
Bacteria,WIN_20230325_15_55_09_Pro.jpg,7.360969388,9,136.3846154,4.069980379
Bacteria,WIN_20230325_15_55_10_Pro.jpg,7.330357143,10,132.8292683,3.960707269
Bacteria,WIN_20230325_15_55_35_Pro.jpg,6.17315051,11,44.8806366,0.884015948
Bacteria,WIN_20230325_15_55_36_Pro.jpg,6.168367347,11,45.04266667,0.888446215
Bacteria,WIN_20230325_15_55_55_Pro.jpg,6.088010204,8,50.14328358,0.818993217
Bacteria,WIN_20230325_15_55_56_Pro.jpg,6.086734694,7,50.01186944,0.798142194
Bacteria,WIN_20230325_15_56_17_Pro.jpg,7.022321429,11,63.78476821,0.973535639
Bacteria,WIN_20230325_15_56_18_Pro.jpg,7.060267857,11,64.81605351,0.973211139
Bacteria,WIN_20230325_15_56_37_Pro.jpg,6.266262755,13,51.3853211,1.013883944
Bacteria,WIN_20230325_15_56_38_Pro.jpg,6.256696429,13,51.14893617,0.995012469
Bacteria,WIN_20230325_15_57_02_Pro.jpg,7.839923469,18,116.7934783,4.546977661
Bacteria,WIN_20230325_15_57_03_Pro.jpg,7.861288265,19,114.4210526,4.532390661
Bacteria,WIN_20230325_15_57_23_Pro.jpg,6.09119898,10,58.26428571,0.976190476
Bacteria,WIN_20230325_15_57_24_Pro.jpg,6.133290816,10,58.21830986,0.946704067
Bacteria,WIN_20230325_16_08_04_Pro.jpg,5.961734694,11,48.22089552,0.907533024
Bacteria,WIN_20230325_16_08_05_Pro.jpg,5.942602041,12,48.05637982,0.872097178
Bacteria,WIN_20230325_16_08_24_Pro.jpg,10.80038265,11,89.05379747,2.031560284
Bacteria,WIN_20230325_16_08_25_Pro.jpg,10.94419643,10,90.36942675,2.106661942
Bacteria,WIN_20230325_16_08_46_Pro.jpg,8.890625,8,70.09912536,1.373791622
Bacteria,WIN_20230325_16_08_47_Pro.jpg,8.919961735,9,70.04347826,1.364385525
Bacteria,WIN_20230325_16_09_12_Pro.jpg,7.308035714,18,110.8,4.074975337
Bacteria,WIN_20230325_16_09_13_Pro.jpg,7.29815051,18,110.893617,4.096975674
Bacteria,WIN_20230325_16_09_37_Pro.jpg,9.386160714,10,64.4525,1.335526316
Bacteria,WIN_20230325_16_09_38_Pro.jpg,9.381696429,8,64.39900249,1.315173675
Bacteria,WIN_20230325_16_10_01_Pro.jpg,9.385204082,11,75.37878788,1.624019957
Bacteria,WIN_20230325_16_10_02_Pro.jpg,9.402742347,12,75.37575758,1.643977192
Bacteria,WIN_20230325_16_10_21_Pro.jpg,8.777104592,11,71.00302115,1.434224599
Bacteria,WIN_20230325_16_10_22_Pro.jpg,8.766262755,11,70.43243243,1.440242597
Bacteria,WIN_20230325_16_10_46_Pro.jpg,8.409438776,11,65.78402367,1.478556112
Bacteria,WIN_20230325_16_10_47_Pro.jpg,8.362244898,9,65.17647059,1.453505007
Bacteria,WIN_20230325_16_11_11_Pro.jpg,10.53635204,9,77.15774648,2.032002877
Bacteria,WIN_20230325_16_11_12_Pro.jpg,10.66741071,10,77.35277778,2.01945245
Bacteria,WIN_20230325_16_11_35_Pro.jpg,5.779655612,9,50.25786164,0.760468417
Bacteria,WIN_20230325_16_11_36_Pro.jpg,5.803252551,9,50.02484472,0.743070362
Bacteria,WIN_20230325_16_23_13_Pro.jpg,7.187181122,15,52.12938005,1.156962025
Bacteria,WIN_20230325_16_23_14_Pro.jpg,7.186543367,14,52.57417582,1.226551227
Bacteria,WIN_20230325_16_23_31_Pro.jpg,12.35331633,9,108.8767123,2.443037975
Bacteria,WIN_20230325_16_23_34_Pro.jpg,12.29209184,9,109.3564014,2.439058658
Bacteria,WIN_20230325_16_23_51_Pro (2).jpg,12.61256378,7,104.059375,2.220880682
Bacteria,WIN_20230325_16_23_51_Pro.jpg,12.72193878,6,104.2670807,2.246624023
Bacteria,WIN_20230325_16_24_22_Pro.jpg,8.363839286,20,104.1652893,4.51907131
Bacteria,WIN_20230325_16_24_23_Pro.jpg,8.306441327,20,103.7520661,4.475953566
Bacteria,WIN_20230325_16_24_50_Pro.jpg,9.579081633,5,67.796875,1.455668605
Bacteria,WIN_20230325_16_24_51_Pro.jpg,9.473214286,5,67.08831169,1.410032715
Bacteria,WIN_20230325_16_25_22_Pro.jpg,11.58290816,9,91.76557864,1.92890318
Bacteria,WIN_20230325_16_25_23_Pro.jpg,11.63966837,8,92.39104478,1.981792217
Bacteria,WIN_20230325_16_25_47_Pro.jpg,11.40880102,8,104.4357143,2.288515406
Bacteria,WIN_20230325_16_25_48_Pro.jpg,11.41804847,8,105.2355072,2.364335664
Bacteria,WIN_20230325_16_26_09_Pro.jpg,12.78061224,10,102.2160494,2.475817923
Bacteria,WIN_20230325_16_26_10_Pro.jpg,12.88456633,10,102.4268293,2.425213675
Bacteria,WIN_20230325_16_26_34_Pro.jpg,9.975765306,7,81.74025974,2.159830269
Bacteria,WIN_20230325_16_26_35_Pro.jpg,10.24043367,6,83.34090909,2.278995757
Bacteria,WIN_20230325_16_26_55_Pro.jpg,7.643813776,10,63.23384615,1.216648879
Bacteria,WIN_20230325_16_26_56_Pro.jpg,7.675701531,10,63.42944785,1.20747331
Bacteria,WIN_20230325_16_38_04_Pro.jpg,7.733737245,13,56.28108108,1.239696312
Bacteria,WIN_20230325_16_38_05_Pro.jpg,7.882334184,13,57.14555256,1.272332731
Bacteria,WIN_20230325_16_38_24_Pro.jpg,11.99585459,7,102.9671053,2.230579096
Bacteria,WIN_20230325_16_38_25_Pro.jpg,11.88616071,9,103.8108108,2.30528169
Bacteria,WIN_20230325_16_38_46_Pro.jpg,11.3651148,6,98.82894737,1.976341808
Bacteria,WIN_20230325_16_38_47_Pro.jpg,11.47512755,7,99.60327869,1.980572236
Bacteria,WIN_20230325_16_39_02_Pro.jpg,9.052933673,19,59.76811594,1.339456282
Bacteria,WIN_20230325_16_39_03_Pro.jpg,9.033482143,19,59.64563107,1.378487518
Bacteria,WIN_20230325_16_39_25_Pro.jpg,9.248405612,4,67.87601078,1.381916817
Bacteria,WIN_20230325_16_39_26_Pro.jpg,9.240752551,4,68.64187328,1.464839524
Bacteria,WIN_20230325_16_39_42_Pro.jpg,8.427933673,11,71.0295082,1.683504062
Bacteria,WIN_20230325_16_39_43_Pro.jpg,8.400191327,10,70.99342105,1.681144068
Bacteria,WIN_20230325_16_40_06_Pro.jpg,10.3622449,7,105,2.448514167
Bacteria,WIN_20230325_16_40_07_Pro.jpg,10.38743622,7,105.8535565,2.511563687
Bacteria,WIN_20230325_16_40_28_Pro.jpg,12.09853316,7,101.6589404,2.554693013
Bacteria,WIN_20230325_16_40_29_Pro.jpg,12.07908163,8,101.345515,2.601410935
Bacteria,WIN_20230325_16_40_46_Pro.jpg,12.1348852,8,105.5035714,2.981092437
Bacteria,WIN_20230325_16_40_47_Pro.jpg,12.13201531,8,105.6330935,3.037088873
Bacteria,WIN_20230325_16_41_10_Pro.jpg,8.883609694,7,70.40236686,1.452108649
Bacteria,WIN_20230325_16_41_11_Pro.jpg,8.856186224,7,70.13946588,1.477670597
Bacteria,WIN_20230328_17_04_35_Pro.jpg,5.872767857,12,129.5625,3.295898438
Bacteria,WIN_20230328_17_04_36_Pro.jpg,5.871173469,12,134.8965517,3.439896036
Bacteria,WIN_20230328_17_05_04_Pro.jpg,8.128188776,10,77.58075601,1.024253076
Bacteria,WIN_20230328_17_05_05_Pro.jpg,8.133609694,10,77.3814433,1.050615114
Bacteria,WIN_20230328_17_05_27_Pro.jpg,10.19005102,12,88.85714286,1.837742504
Bacteria,WIN_20230328_17_05_28_Pro.jpg,10.04272959,9,87.69966997,1.737027886
Bacteria,WIN_20230328_17_06_04_Pro.jpg,7.346619898,14,64.04262295,1.23843165
Bacteria,WIN_20230328_17_06_05_Pro.jpg,7.37244898,12,64.14285714,1.189533239
Bacteria,WIN_20230328_17_06_32_Pro.jpg,9.279336735,6,105.214876,1.257083621
Bacteria,WIN_20230328_17_06_33_Pro.jpg,9.280293367,6,105.3692946,1.281174439
Bacteria,WIN_20230328_17_06_56_Pro.jpg,5.124362245,6,50.65614035,0.57278148
Bacteria,WIN_20230328_17_06_57_Pro.jpg,5.029336735,6,49.94736842,0.539109085
Bacteria,WIN_20230328_17_07_26_Pro.jpg,7.794961735,13,123.7446809,4.212031558
Bacteria,WIN_20230328_17_07_27_Pro.jpg,7.826211735,13,126.7666667,4.311884439
Bacteria,WIN_20230328_17_07_57_Pro.jpg,4.231505102,3,44.94615385,0.550764951
Bacteria,WIN_20230328_17_07_58_Pro.jpg,4.230229592,3,45.08846154,0.53650904
Bacteria,WIN_20230328_17_08_24_Pro.jpg,7.72130102,4,83.94560669,1.432861581
Bacteria,WIN_20230328_17_08_25_Pro.jpg,7.77869898,4,83.86721992,1.444559585
Bacteria,WIN_20230328_17_19_14_Pro.jpg,8.908163265,2,107.0986547,1.391349125
Bacteria,WIN_20230328_17_19_15_Pro.jpg,8.876913265,3,106.6577778,1.319134318
Bacteria,WIN_20230328_17_19_37_Pro.jpg,8.954719388,4,106.6869565,1.219545767
Bacteria,WIN_20230328_17_19_38_Pro.jpg,8.990752551,4,106.6913043,1.258086717
Bacteria,WIN_20230328_17_20_00_Pro.jpg,9.461096939,4,106.6042553,1.591864874
Bacteria,WIN_20230328_17_20_01_Pro.jpg,9.438137755,4,106.1186441,1.570344828
Bacteria,WIN_20230328_17_20_29_Pro.jpg,9.673469388,4,106.473913,2.012044047
Bacteria,WIN_20230328_17_20_30_Pro.jpg,9.59247449,3,106.5938865,1.951152391
Bacteria,WIN_20230328_17_20_46_Pro.jpg,8.253507653,1,107.7,0.750685871
Bacteria,WIN_20230328_17_20_47_Pro.jpg,8.263392857,1,107.7,0.761316872
Bacteria,WIN_20230328_17_21_19_Pro.jpg,9.083545918,3,106.3744493,1.491577862
Bacteria,WIN_20230328_17_21_20_Pro.jpg,9.07940051,3,106.6622222,1.53692889
Bacteria,WIN_20230328_17_21_47_Pro.jpg,10.14955357,8,104.8204082,2.126599792
Bacteria,WIN_20230328_17_21_48_Pro.jpg,10.1903699,9,104.6882591,2.111111111
Bacteria,WIN_20230328_17_22_12_Pro.jpg,8.793367347,3,107.1121076,1.266735324
Bacteria,WIN_20230328_17_22_13_Pro.jpg,8.808673469,3,107.0986547,1.284243048
Bacteria,WIN_20230328_17_22_42_Pro.jpg,8.749043367,5,93.50793651,1.342926491
Bacteria,WIN_20230328_17_22_43_Pro.jpg,8.700892857,5,92.88095238,1.345353675
Bacteria,WIN_20230328_17_34_02_Pro.jpg,8.848852041,2,107.2522523,1.352093342
Bacteria,WIN_20230328_17_34_03_Pro.jpg,8.87755102,3,106.6355556,1.32153899
Bacteria,WIN_20230328_17_34_28_Pro.jpg,8.633290816,3,107.1160714,1.057692308
Bacteria,WIN_20230328_17_34_29_Pro.jpg,8.654336735,3,107.3408072,1.099553725
Bacteria,WIN_20230328_17_35_13_Pro.jpg,9.117346939,2,106.8281938,1.492609144
Bacteria,WIN_20230328_17_35_14_Pro.jpg,9.124362245,2,106.9030837,1.494327948
Bacteria,WIN_20230328_17_35_48_Pro.jpg,9.490114796,4,107.246696,1.861808182
Bacteria,WIN_20230328_17_35_49_Pro.jpg,9.495216837,3,107.4778761,1.88556701
Bacteria,WIN_20230328_17_36_10_Pro.jpg,8.192920918,1,107.7,0.685528121
Bacteria,WIN_20230328_17_36_11_Pro.jpg,8.169961735,1,107.7,0.660836763
Bacteria,WIN_20230328_17_37_06_Pro.jpg,8.818877551,1,107.7,1.358710562
Bacteria,WIN_20230328_17_37_09_Pro.jpg,8.786352041,1,107.7,1.323731139
Bacteria,WIN_20230328_17_37_36_Pro.jpg,10.18526786,7,105.966805,2.211744387
Bacteria,WIN_20230328_17_37_37_Pro.jpg,10.20248724,7,106.1333333,2.252417127
Bacteria,WIN_20230328_17_38_09_Pro.jpg,8.421875,1,107.7,0.93175583
Bacteria,WIN_20230328_17_38_10_Pro.jpg,8.438456633,1,107.7,0.949588477
Bacteria,WIN_20230328_17_38_32_Pro.jpg,9.10682398,3,106.5374449,1.503953249
Bacteria,WIN_20230328_17_38_33_Pro.jpg,9.092155612,3,106.372807,1.464924347
Bacteria,WIN_20230328_17_49_10_Pro.jpg,9.514987245,4,106.7099567,1.786230637
Bacteria,WIN_20230328_17_49_11_Pro.jpg,9.489795918,4,107.0913043,1.76496903
Bacteria,WIN_20230328_17_49_29_Pro.jpg,8.888392857,2,107.5555556,1.262109241
Bacteria,WIN_20230328_17_49_30_Pro.jpg,8.944834184,2,107.6444444,1.316042597
Bacteria,WIN_20230328_17_49_46_Pro.jpg,9.356505102,2,107.4009009,1.887096774
Bacteria,WIN_20230328_17_49_48_Pro.jpg,9.313456633,2,107.3648649,1.84351407
Bacteria,WIN_20230328_17_50_04_Pro.jpg,9.761160714,4,106.6812227,2.12624699
Bacteria,WIN_20230328_17_50_05_Pro.jpg,9.70184949,4,106.4043478,2.048176187
Bacteria,WIN_20230328_17_50_23_Pro.jpg,8.367665816,1,107.7,0.87345679
Bacteria,WIN_20230328_17_50_24_Pro.jpg,8.401466837,1,107.7,0.909807956
Bacteria,WIN_20230328_17_50_40_Pro.jpg,9.013711735,2,107.4751131,1.548885077
Bacteria,WIN_20230328_17_50_41_Pro.jpg,9.01434949,2,107.2567568,1.529855868
Bacteria,WIN_20230328_17_50_58_Pro (2).jpg,10.81377551,10,102.1666667,2.41643454
Bacteria,WIN_20230328_17_50_58_Pro.jpg,10.80038265,9,102.2878788,2.390668524
Bacteria,WIN_20230328_17_51_14_Pro.jpg,8.590561224,1,107.7,1.113168724
Bacteria,WIN_20230328_17_51_15_Pro.jpg,8.656887755,1,107.7,1.184499314
Bacteria,WIN_20230328_17_51_28_Pro.jpg,9.195790816,4,106.5371179,1.527691778
Bacteria,WIN_20230328_17_51_29_Pro.jpg,9.209502551,4,106.7938596,1.558459422
Bacteria,bBACTERIA ON D0000 (1).tif,19.52200255,7,95.68787276,4.971515382
Bacteria,bBACTERIA ON D0000 (2).tif,20.54304847,6,99.41106719,5.369201521
Bacteria,bBACTERIA ON D0000 (3).tif,18.55899235,16,123.1205674,8.22740014
Bacteria,bBACTERIA ON D0000 (4).tif,18.81696429,14,123.3608247,8.123725835
Bacteria,bBACTERIA ON D0000 (5).tif,17.35682398,16,77.19774011,5.158925144
Bacteria,bBACTERIA ON D0000 (6).tif,17.35076531,14,77.00190114,5.329118774
Bacteria,bBACTERIA ON D0000 (7).tif,18.42857143,25,70.76439791,6.728053063
Bacteria,bBACTERIA ON D0000 (8).tif,18.48756378,27,70.53872633,6.651272016
Bacteria,bBACTERIA ON D0000.tif,9.900510204,1,108.9,2.431412894
Bacteria,bBACTERIA ON D0001.tif,9.838010204,1,109.1409091,2.346021948
Bacteria,bBACTERIA ON D0002.tif,27.26403061,17,101.7447761,7.027980535
Bacteria,bBACTERIA ON D0003.tif,28.5625,15,105.9237537,7.062754686
Bacteria,bBACTERIA ON D0004.tif,25.53507653,20,106.6108787,10.95485327
Bacteria,bBACTERIA ON D0005.tif,26.44100765,17,113.1159737,11.65546846
Bacteria,bBACTERIA ON D0006.tif,24.34024235,21,108.4260204,12.32798834
Bacteria,bBACTERIA ON D0007.tif,24.0625,20,105.6732187,11.89116893
Bacteria,dBACTERIA ON D0000 (1).tif,21.60235969,22,107.5212264,8.169616519
Bacteria,dBACTERIA ON D0000 (2).tif,22.01243622,20,108.5940367,8.031111111
Bacteria,dBACTERIA ON D0000 (3).tif,32.92538265,36,119.4914089,13.19890368
Bacteria,dBACTERIA ON D0000 (4).tif,32.3721301,38,118.2193437,12.93312476
Bacteria,dBACTERIA ON D0000 (5).tif,31.39572704,25,105.3647059,10.91571661
Bacteria,dBACTERIA ON D0000 (6).tif,31.43558673,27,103.9174964,10.49239622
Bacteria,dBACTERIA ON D0000 (7).tif,31.60714286,30,106.9259843,12.48380648
Bacteria,dBACTERIA ON D0000 (8).tif,31.69387755,33,108.066343,12.94956315
